run_id,run_name,group,state,task_idx,env,actor_mode,critic_mode,seed,env_name,use_task_id,adapt_heads_only,encoder_from_base,k_max,k_sample_k,intra_eval_previous_tasks,dyn_aux_weight,phi_task_width,phi_task_depth,created_at,evaluator_success_rate_summary,evaluator_mean_return_summary
aqwfutyc,task0_sawyer_hammer_s98,real1,finished,0,sawyer_hammer,cka,reset,98,sawyer_hammer,False,False,False,10,0,False,,,,2026-04-26T15:00:03Z,0.8,44.0
pdycbmt9,task0_sawyer_hammer_s99,real1,finished,0,sawyer_hammer,cka,reset,99,sawyer_hammer,False,False,False,10,0,False,,,,2026-04-26T15:00:03Z,1.0,75.0
u7sar3kn,task0_sawyer_hammer_s97,real1,finished,0,sawyer_hammer,cka,reset,97,sawyer_hammer,False,False,False,10,0,False,,,,2026-04-26T15:00:03Z,0.7,50.7
izq4d3xx,task0_sawyer_hammer_s98,real1,finished,0,sawyer_hammer,cka,persistent,98,sawyer_hammer,False,False,False,10,0,False,,,,2026-04-26T15:00:06Z,0.5,40.1
srrst8ca,task0_sawyer_hammer_s97,real1,finished,0,sawyer_hammer,cka,persistent,97,sawyer_hammer,False,False,False,10,0,False,,,,2026-04-26T15:00:07Z,0.9,67.4
vzo9zzkn,task0_sawyer_hammer_s99,real1,finished,0,sawyer_hammer,cka,persistent,99,sawyer_hammer,False,False,False,10,0,False,,,,2026-04-26T15:00:07Z,1.0,67.3
0nn9kycu,task0_sawyer_hammer_s98,real1,finished,0,sawyer_hammer,cka,cka,98,sawyer_hammer,False,False,False,10,0,False,,,,2026-04-26T15:01:59Z,1.0,76.8
n1nau63s,task0_sawyer_hammer_s97,real1,finished,0,sawyer_hammer,cka,cka,97,sawyer_hammer,False,False,False,10,0,False,,,,2026-04-26T15:01:59Z,0.9,71.5
ugy4vs4y,task0_sawyer_hammer_s99,real1,finished,0,sawyer_hammer,cka,cka,99,sawyer_hammer,False,False,False,10,0,False,,,,2026-04-26T15:01:59Z,0.7,58.8
52rol8mn,task0_sawyer_hammer_s97,real1,finished,0,sawyer_hammer,cka,reset,97,sawyer_hammer,False,False,False,10,0,False,,,,2026-04-26T15:03:14Z,0.9,56.2
94gv42ei,task0_sawyer_hammer_s99,real1,finished,0,sawyer_hammer,cka,reset,99,sawyer_hammer,False,False,False,10,0,False,,,,2026-04-26T15:03:14Z,0.9,58.2
rfh8b511,task0_sawyer_hammer_s98,real1,finished,0,sawyer_hammer,cka,reset,98,sawyer_hammer,False,False,False,10,0,False,,,,2026-04-26T15:03:15Z,1.0,83.4
76qmbz5o,task0_sawyer_hammer_s98,real1,finished,0,sawyer_hammer,cka,persistent,98,sawyer_hammer,False,False,False,10,0,False,,,,2026-04-26T15:04:57Z,1.0,81.0
8atoqcye,task0_sawyer_hammer_s97,real1,finished,0,sawyer_hammer,cka,persistent,97,sawyer_hammer,False,False,False,10,0,False,,,,2026-04-26T15:04:58Z,0.9,56.8
e585rnyl,task0_sawyer_hammer_s99,real1,finished,0,sawyer_hammer,cka,persistent,99,sawyer_hammer,False,False,False,10,0,False,,,,2026-04-26T15:04:58Z,1.0,81.3
56aesjo1,task0_sawyer_hammer_s100,real1,finished,0,sawyer_hammer,cka,reset,100,sawyer_hammer,False,False,False,10,0,False,,,,2026-04-26T15:11:04Z,1.0,95.4
g9332571,task0_sawyer_hammer_s101,real1,finished,0,sawyer_hammer,cka,reset,101,sawyer_hammer,False,False,False,10,0,False,,,,2026-04-26T15:11:04Z,1.0,87.7
i4js3xk3,task0_sawyer_hammer_s101,real1,finished,0,sawyer_hammer,cka,persistent,101,sawyer_hammer,False,False,False,10,0,False,,,,2026-04-26T15:11:04Z,1.0,78.6
kro2s93j,task0_sawyer_hammer_s100,real1,finished,0,sawyer_hammer,cka,persistent,100,sawyer_hammer,False,False,False,10,0,False,,,,2026-04-26T15:11:04Z,1.0,82.9
nlsmr7oh,task0_sawyer_hammer_s101,real1,finished,0,sawyer_hammer,cka,cka,101,sawyer_hammer,False,False,False,10,0,False,,,,2026-04-26T15:11:16Z,0.8,50.6
um30ycdr,task0_sawyer_hammer_s100,real1,finished,0,sawyer_hammer,cka,cka,100,sawyer_hammer,False,False,False,10,0,False,,,,2026-04-26T15:11:16Z,1.0,73.9
x3l4elcu,task1_sawyer_push_wall_s99,real1,finished,1,sawyer_push_wall,cka,reset,99,sawyer_push_wall,False,False,False,10,0,False,,,,2026-04-26T18:48:39Z,0.8,10.2
hufmp2vu,task1_sawyer_push_wall_s97,real1,finished,1,sawyer_push_wall,cka,reset,97,sawyer_push_wall,False,False,False,10,0,False,,,,2026-04-26T18:48:41Z,1.0,61.0
m5d0l07j,task1_sawyer_push_wall_s98,real1,finished,1,sawyer_push_wall,cka,reset,98,sawyer_push_wall,False,False,False,10,0,False,,,,2026-04-26T18:48:50Z,0.4,1.5
aty65j63,task1_sawyer_push_wall_s98,real1,finished,1,sawyer_push_wall,cka,persistent,98,sawyer_push_wall,False,False,False,10,0,False,,,,2026-04-26T18:49:16Z,0.4,6.7
r97gbpxo,task1_sawyer_push_wall_s97,real1,finished,1,sawyer_push_wall,cka,persistent,97,sawyer_push_wall,False,False,False,10,0,False,,,,2026-04-26T18:49:26Z,1.0,50.9
g8ksci9x,task1_sawyer_push_wall_s99,real1,finished,1,sawyer_push_wall,cka,persistent,99,sawyer_push_wall,False,False,False,10,0,False,,,,2026-04-26T18:49:29Z,0.7,23.3
lwgaxcqf,task1_sawyer_push_wall_s97,real1,finished,1,sawyer_push_wall,cka,cka,97,sawyer_push_wall,False,False,False,10,0,False,,,,2026-04-26T19:01:00Z,0.6,23.2
k9cvvstq,task1_sawyer_push_wall_s98,real1,finished,1,sawyer_push_wall,cka,cka,98,sawyer_push_wall,False,False,False,10,0,False,,,,2026-04-26T19:01:17Z,0.8,30.7
8lxw8ne5,task1_sawyer_push_wall_s99,real1,finished,1,sawyer_push_wall,cka,cka,99,sawyer_push_wall,False,False,False,10,0,False,,,,2026-04-26T19:01:39Z,1.0,84.1
lyrnyaaz,task1_sawyer_push_wall_s97,real1,finished,1,sawyer_push_wall,cka,persistent,97,sawyer_push_wall,False,False,False,10,0,False,,,,2026-04-26T19:04:36Z,0.9,61.5
orcwgooy,task1_sawyer_push_wall_s99,real1,finished,1,sawyer_push_wall,cka,persistent,99,sawyer_push_wall,False,False,False,10,0,False,,,,2026-04-26T19:05:35Z,0.9,19.3
izm7k60d,task1_sawyer_push_wall_s98,real1,finished,1,sawyer_push_wall,cka,persistent,98,sawyer_push_wall,False,False,False,10,0,False,,,,2026-04-26T19:06:05Z,0.0,0.0
byrf9h4v,task1_sawyer_push_wall_s97,real1,finished,1,sawyer_push_wall,cka,reset,97,sawyer_push_wall,False,False,False,10,0,False,,,,2026-04-26T19:09:34Z,0.9,29.1
jec6tpm6,task1_sawyer_push_wall_s99,real1,finished,1,sawyer_push_wall,cka,reset,99,sawyer_push_wall,False,False,False,10,0,False,,,,2026-04-26T19:11:10Z,0.3,15.1
400ecu7l,task1_sawyer_push_wall_s98,real1,finished,1,sawyer_push_wall,cka,reset,98,sawyer_push_wall,False,False,False,10,0,False,,,,2026-04-26T19:11:50Z,0.9,16.4
hta3zaw6,task1_sawyer_push_wall_s100,real1,finished,1,sawyer_push_wall,cka,reset,100,sawyer_push_wall,False,False,False,10,0,False,,,,2026-04-26T20:38:19Z,1.0,42.8
mzrw5lqx,task1_sawyer_push_wall_s101,real1,finished,1,sawyer_push_wall,cka,reset,101,sawyer_push_wall,False,False,False,10,0,False,,,,2026-04-26T20:40:04Z,0.5,30.5
2n9bnvo4,task1_sawyer_push_wall_s101,real1,finished,1,sawyer_push_wall,cka,persistent,101,sawyer_push_wall,False,False,False,10,0,False,,,,2026-04-26T20:50:23Z,0.6,13.9
zy816rvz,task1_sawyer_push_wall_s101,real1,finished,1,sawyer_push_wall,cka,cka,101,sawyer_push_wall,False,False,False,10,0,False,,,,2026-04-26T21:51:35Z,0.1,3.0
ao6p0vn8,task2_sawyer_faucet_close_s97,real1,finished,2,sawyer_faucet_close,cka,reset,97,sawyer_faucet_close,False,False,False,10,0,False,,,,2026-04-26T22:28:39Z,0.6,36.1
z1jxy00p,task2_sawyer_faucet_close_s99,real1,finished,2,sawyer_faucet_close,cka,reset,99,sawyer_faucet_close,False,False,False,10,0,False,,,,2026-04-26T22:28:42Z,0.3,11.4
mhi5cw4p,task2_sawyer_faucet_close_s98,real1,finished,2,sawyer_faucet_close,cka,reset,98,sawyer_faucet_close,False,False,False,10,0,False,,,,2026-04-26T22:28:47Z,0.6,26.0
04d6ynxm,task2_sawyer_faucet_close_s98,real1,finished,2,sawyer_faucet_close,cka,persistent,98,sawyer_faucet_close,False,False,False,10,0,False,,,,2026-04-26T22:33:15Z,0.2,14.1
08z5l2bu,task2_sawyer_faucet_close_s99,real1,finished,2,sawyer_faucet_close,cka,persistent,99,sawyer_faucet_close,False,False,False,10,0,False,,,,2026-04-26T22:33:43Z,0.4,16.9
axr207ic,task2_sawyer_faucet_close_s97,real1,finished,2,sawyer_faucet_close,cka,persistent,97,sawyer_faucet_close,False,False,False,10,0,False,,,,2026-04-26T22:34:08Z,0.4,23.7
zesy3vmo,task2_sawyer_faucet_close_s97,real1,finished,2,sawyer_faucet_close,cka,persistent,97,sawyer_faucet_close,False,False,False,10,0,False,,,,2026-04-26T22:43:21Z,0.3,16.6
i1fkgrko,task2_sawyer_faucet_close_s99,real1,finished,2,sawyer_faucet_close,cka,persistent,99,sawyer_faucet_close,False,False,False,10,0,False,,,,2026-04-26T22:43:59Z,0.3,10.9
9bh1pmww,task2_sawyer_faucet_close_s98,real1,finished,2,sawyer_faucet_close,cka,persistent,98,sawyer_faucet_close,False,False,False,10,0,False,,,,2026-04-26T22:45:16Z,0.2,6.0
otb5rzke,task2_sawyer_faucet_close_s97,real1,finished,2,sawyer_faucet_close,cka,reset,97,sawyer_faucet_close,False,False,False,10,0,False,,,,2026-04-26T22:57:11Z,0.5,24.0
41krol87,task2_sawyer_faucet_close_s99,real1,finished,2,sawyer_faucet_close,cka,reset,99,sawyer_faucet_close,False,False,False,10,0,False,,,,2026-04-26T22:58:57Z,0.4,23.6
po50x5bc,task2_sawyer_faucet_close_s98,real1,finished,2,sawyer_faucet_close,cka,reset,98,sawyer_faucet_close,False,False,False,10,0,False,,,,2026-04-26T22:59:46Z,0.5,24.9
x6u47c20,task2_sawyer_faucet_close_s97,real1,finished,2,sawyer_faucet_close,cka,cka,97,sawyer_faucet_close,False,False,False,10,0,False,,,,2026-04-26T23:20:23Z,0.3,10.2
pd5mrzxl,task2_sawyer_faucet_close_s98,real1,finished,2,sawyer_faucet_close,cka,cka,98,sawyer_faucet_close,False,False,False,10,0,False,,,,2026-04-26T23:20:36Z,0.6,29.9
my2pyq08,task2_sawyer_faucet_close_s99,real1,finished,2,sawyer_faucet_close,cka,cka,99,sawyer_faucet_close,False,False,False,10,0,False,,,,2026-04-26T23:20:52Z,0.6,31.7
t5k2bdaj,task2_sawyer_faucet_close_s101,real1,finished,2,sawyer_faucet_close,cka,persistent,101,sawyer_faucet_close,False,False,False,10,0,False,,,,2026-04-27T01:44:46Z,0.3,18.1
1gfbim94,task2_sawyer_faucet_close_s100,real1,finished,2,sawyer_faucet_close,cka,reset,100,sawyer_faucet_close,False,False,False,10,0,False,,,,2026-04-27T01:46:15Z,0.6,30.9
bjyr7p7b,task2_sawyer_faucet_close_s101,real1,finished,2,sawyer_faucet_close,cka,reset,101,sawyer_faucet_close,False,False,False,10,0,False,,,,2026-04-27T01:48:02Z,0.4,13.2
92dvuzh5,task3_sawyer_push_back_s97,real1,finished,3,sawyer_push_back,cka,reset,97,sawyer_push_back,False,False,False,10,0,False,,,,2026-04-27T02:18:16Z,0.8,21.9
cfeqf87e,task3_sawyer_push_back_s98,real1,finished,3,sawyer_push_back,cka,reset,98,sawyer_push_back,False,False,False,10,0,False,,,,2026-04-27T02:18:41Z,0.5,18.3
zeeuk7rc,task3_sawyer_push_back_s99,real1,finished,3,sawyer_push_back,cka,reset,99,sawyer_push_back,False,False,False,10,0,False,,,,2026-04-27T02:18:43Z,1.0,41.2
tmwwleal,task3_sawyer_push_back_s98,real1,finished,3,sawyer_push_back,cka,persistent,98,sawyer_push_back,False,False,False,10,0,False,,,,2026-04-27T02:24:27Z,1.0,47.7
fkhoc5xg,task3_sawyer_push_back_s99,real1,finished,3,sawyer_push_back,cka,persistent,99,sawyer_push_back,False,False,False,10,0,False,,,,2026-04-27T02:25:08Z,1.0,66.5
60zj2js0,task3_sawyer_push_back_s97,real1,finished,3,sawyer_push_back,cka,persistent,97,sawyer_push_back,False,False,False,10,0,False,,,,2026-04-27T02:25:37Z,1.0,30.3
bm41krzi,task3_sawyer_push_back_s97,real1,finished,3,sawyer_push_back,cka,persistent,97,sawyer_push_back,False,False,False,10,0,False,,,,2026-04-27T02:32:27Z,0.2,2.0
7r8m2k8y,task3_sawyer_push_back_s99,real1,finished,3,sawyer_push_back,cka,persistent,99,sawyer_push_back,False,False,False,10,0,False,,,,2026-04-27T02:33:14Z,1.0,63.0
ohxz0wq8,task3_sawyer_push_back_s98,real1,finished,3,sawyer_push_back,cka,persistent,98,sawyer_push_back,False,False,False,10,0,False,,,,2026-04-27T02:34:55Z,0.8,20.3
w7kxz2fc,task3_sawyer_push_back_s97,real1,finished,3,sawyer_push_back,cka,reset,97,sawyer_push_back,False,False,False,10,0,False,,,,2026-04-27T02:41:45Z,1.0,33.2
o82omtu0,task3_sawyer_push_back_s99,real1,finished,3,sawyer_push_back,cka,reset,99,sawyer_push_back,False,False,False,10,0,False,,,,2026-04-27T02:44:06Z,1.0,46.7
7poi0w0d,task3_sawyer_push_back_s98,real1,finished,3,sawyer_push_back,cka,reset,98,sawyer_push_back,False,False,False,10,0,False,,,,2026-04-27T02:44:14Z,0.5,8.3
i5y7ifcr,task2_sawyer_faucet_close_s101,real1,finished,2,sawyer_faucet_close,cka,cka,101,sawyer_faucet_close,False,False,False,10,0,False,,,,2026-04-27T03:40:49Z,0.7,40.7
am72bwu6,task3_sawyer_push_back_s97,real1,finished,3,sawyer_push_back,cka,cka,97,sawyer_push_back,False,False,False,10,0,False,,,,2026-04-27T03:42:54Z,1.0,33.7
dasrvu6b,task3_sawyer_push_back_s98,real1,finished,3,sawyer_push_back,cka,cka,98,sawyer_push_back,False,False,False,10,0,False,,,,2026-04-27T03:43:07Z,0.8,36.3
4osfo30o,task3_sawyer_push_back_s99,real1,finished,3,sawyer_push_back,cka,cka,99,sawyer_push_back,False,False,False,10,0,False,,,,2026-04-27T03:43:37Z,0.8,19.6
45n3tfi4,task4_sawyer_stick_pull_s97,real1,finished,4,sawyer_stick_pull,cka,reset,97,sawyer_stick_pull,False,False,False,10,0,False,,,,2026-04-27T05:57:40Z,0.5,20.7
4uhcpu4t,task4_sawyer_stick_pull_s99,real1,finished,4,sawyer_stick_pull,cka,reset,99,sawyer_stick_pull,False,False,False,10,0,False,,,,2026-04-27T05:58:12Z,0.9,43.8
80w2o93p,task4_sawyer_stick_pull_s98,real1,finished,4,sawyer_stick_pull,cka,reset,98,sawyer_stick_pull,False,False,False,10,0,False,,,,2026-04-27T05:58:18Z,0.7,6.5
olq86vyg,task4_sawyer_stick_pull_s98,real1,finished,4,sawyer_stick_pull,cka,persistent,98,sawyer_stick_pull,False,False,False,10,0,False,,,,2026-04-27T06:06:50Z,0.6,27.8
ajxan066,task4_sawyer_stick_pull_s99,real1,finished,4,sawyer_stick_pull,cka,persistent,99,sawyer_stick_pull,False,False,False,10,0,False,,,,2026-04-27T06:07:46Z,0.5,15.4
9cy6fpl4,task4_sawyer_stick_pull_s97,real1,finished,4,sawyer_stick_pull,cka,persistent,97,sawyer_stick_pull,False,False,False,10,0,False,,,,2026-04-27T06:08:03Z,0.6,31.0
9jxkxfaq,task4_sawyer_stick_pull_s97,real1,finished,4,sawyer_stick_pull,cka,persistent,97,sawyer_stick_pull,False,False,False,10,0,False,,,,2026-04-27T06:09:39Z,0.2,4.9
gwym9kqy,task4_sawyer_stick_pull_s99,real1,finished,4,sawyer_stick_pull,cka,persistent,99,sawyer_stick_pull,False,False,False,10,0,False,,,,2026-04-27T06:10:22Z,0.7,27.6
314rh7o8,task4_sawyer_stick_pull_s98,real1,finished,4,sawyer_stick_pull,cka,persistent,98,sawyer_stick_pull,False,False,False,10,0,False,,,,2026-04-27T06:12:14Z,0.3,14.6
t2au7f9x,task4_sawyer_stick_pull_s97,real1,finished,4,sawyer_stick_pull,cka,reset,97,sawyer_stick_pull,False,False,False,10,0,False,,,,2026-04-27T06:20:42Z,0.1,0.4
21rsntvu,task4_sawyer_stick_pull_s99,real1,finished,4,sawyer_stick_pull,cka,reset,99,sawyer_stick_pull,False,False,False,10,0,False,,,,2026-04-27T06:22:27Z,0.4,13.0
ys42mg4g,task4_sawyer_stick_pull_s98,real1,finished,4,sawyer_stick_pull,cka,reset,98,sawyer_stick_pull,False,False,False,10,0,False,,,,2026-04-27T06:22:35Z,0.5,13.5
atriwgdc,task3_sawyer_push_back_s101,real1,finished,3,sawyer_push_back,cka,persistent,101,sawyer_push_back,False,False,False,10,0,False,,,,2026-04-27T06:30:20Z,0.9,34.1
qc1kf2f2,task3_sawyer_push_back_s100,real1,finished,3,sawyer_push_back,cka,reset,100,sawyer_push_back,False,False,False,10,0,False,,,,2026-04-27T06:54:21Z,0.9,40.2
2ywmqcgi,task3_sawyer_push_back_s101,real1,finished,3,sawyer_push_back,cka,reset,101,sawyer_push_back,False,False,False,10,0,False,,,,2026-04-27T06:57:22Z,1.0,40.1
rtlh6qir,task4_sawyer_stick_pull_s97,real1,finished,4,sawyer_stick_pull,cka,cka,97,sawyer_stick_pull,False,False,False,10,0,False,,,,2026-04-27T08:01:42Z,0.6,12.1
20mcw8z4,task4_sawyer_stick_pull_s99,real1,finished,4,sawyer_stick_pull,cka,cka,99,sawyer_stick_pull,False,False,False,10,0,False,,,,2026-04-27T08:02:23Z,0.5,11.9
7ppodft3,task4_sawyer_stick_pull_s98,real1,finished,4,sawyer_stick_pull,cka,cka,98,sawyer_stick_pull,False,False,False,10,0,False,,,,2026-04-27T08:02:38Z,0.6,30.4
i55hxa7n,task3_sawyer_push_back_s101,real1,finished,3,sawyer_push_back,cka,cka,101,sawyer_push_back,False,False,False,10,0,False,,,,2026-04-27T09:27:50Z,0.9,68.4
7eyqz9fa,task5_sawyer_handle_press_side_s97,real1,finished,5,sawyer_handle_press_side,cka,reset,97,sawyer_handle_press_side,False,False,False,10,0,False,,,,2026-04-27T10:10:45Z,0.0,0.0
tdh16kzy,task5_sawyer_handle_press_side_s98,real1,finished,5,sawyer_handle_press_side,cka,reset,98,sawyer_handle_press_side,False,False,False,10,0,False,,,,2026-04-27T10:13:13Z,0.0,0.0
y9f5zjk9,task5_sawyer_handle_press_side_s99,real1,finished,5,sawyer_handle_press_side,cka,reset,99,sawyer_handle_press_side,False,False,False,10,0,False,,,,2026-04-27T10:14:32Z,0.0,0.0
5uev40yv,task5_sawyer_handle_press_side_s97,real1,finished,5,sawyer_handle_press_side,cka,persistent,97,sawyer_handle_press_side,False,False,False,10,0,False,,,,2026-04-27T10:21:05Z,0.0,0.0
pxznypnt,task5_sawyer_handle_press_side_s98,real1,finished,5,sawyer_handle_press_side,cka,persistent,98,sawyer_handle_press_side,False,False,False,10,0,False,,,,2026-04-27T10:21:10Z,0.0,0.0
hetevtoi,task5_sawyer_handle_press_side_s99,real1,finished,5,sawyer_handle_press_side,cka,persistent,99,sawyer_handle_press_side,False,False,False,10,0,False,,,,2026-04-27T10:23:05Z,0.0,0.0
3rwtwl7r,task5_sawyer_handle_press_side_s99,real1,finished,5,sawyer_handle_press_side,cka,persistent,99,sawyer_handle_press_side,False,False,False,10,0,False,,,,2026-04-27T10:23:41Z,0.0,0.0
u0dosiaw,task5_sawyer_handle_press_side_s98,real1,finished,5,sawyer_handle_press_side,cka,persistent,98,sawyer_handle_press_side,False,False,False,10,0,False,,,,2026-04-27T10:24:33Z,0.0,0.0
cqow7val,task5_sawyer_handle_press_side_s97,real1,finished,5,sawyer_handle_press_side,cka,persistent,97,sawyer_handle_press_side,False,False,False,10,0,False,,,,2026-04-27T10:25:15Z,0.0,0.0
4q98rot5,task5_sawyer_handle_press_side_s97,real1,finished,5,sawyer_handle_press_side,cka,reset,97,sawyer_handle_press_side,False,False,False,10,0,False,,,,2026-04-27T10:34:03Z,0.0,0.0
5ze98ah8,task5_sawyer_handle_press_side_s98,real1,finished,5,sawyer_handle_press_side,cka,reset,98,sawyer_handle_press_side,False,False,False,10,0,False,,,,2026-04-27T10:35:45Z,0.0,0.0
7ksv0h8n,task5_sawyer_handle_press_side_s99,real1,finished,5,sawyer_handle_press_side,cka,reset,99,sawyer_handle_press_side,False,False,False,10,0,False,,,,2026-04-27T10:36:16Z,0.0,0.0
2zaks0dd,task4_sawyer_stick_pull_s101,real1,finished,4,sawyer_stick_pull,cka,persistent,101,sawyer_stick_pull,False,False,False,10,0,False,,,,2026-04-27T10:55:04Z,0.7,14.5
rsk444xt,task4_sawyer_stick_pull_s100,real1,finished,4,sawyer_stick_pull,cka,reset,100,sawyer_stick_pull,False,False,False,10,0,False,,,,2026-04-27T11:56:35Z,0.4,14.0
4uzx2mj2,task4_sawyer_stick_pull_s101,real1,finished,4,sawyer_stick_pull,cka,reset,101,sawyer_stick_pull,False,False,False,10,0,False,,,,2026-04-27T12:02:29Z,1.0,35.9
ir1donoa,task5_sawyer_handle_press_side_s97,real1,finished,5,sawyer_handle_press_side,cka,cka,97,sawyer_handle_press_side,False,False,False,10,0,False,,,,2026-04-27T12:55:41Z,0.0,0.0
r998frsb,task5_sawyer_handle_press_side_s98,real1,finished,5,sawyer_handle_press_side,cka,cka,98,sawyer_handle_press_side,False,False,False,10,0,False,,,,2026-04-27T12:56:16Z,0.0,0.0
ngmnlbi4,task5_sawyer_handle_press_side_s99,real1,finished,5,sawyer_handle_press_side,cka,cka,99,sawyer_handle_press_side,False,False,False,10,0,False,,,,2026-04-27T13:01:47Z,0.0,0.0
ysyd7v3f,task6_sawyer_push_s97,real1,finished,6,sawyer_push,cka,reset,97,sawyer_push,False,False,False,10,0,False,,,,2026-04-27T13:54:54Z,0.4,16.0
wmftscaf,task6_sawyer_push_s98,real1,finished,6,sawyer_push,cka,reset,98,sawyer_push,False,False,False,10,0,False,,,,2026-04-27T13:57:18Z,0.7,29.1
o3u5akxm,task6_sawyer_push_s99,real1,finished,6,sawyer_push,cka,reset,99,sawyer_push,False,False,False,10,0,False,,,,2026-04-27T13:58:34Z,0.1,4.7
6tnrcgfo,task6_sawyer_push_s98,real1,finished,6,sawyer_push,cka,persistent,98,sawyer_push,False,False,False,10,0,False,,,,2026-04-27T14:11:56Z,0.3,2.8
cmoqffn6,task6_sawyer_push_s97,real1,finished,6,sawyer_push,cka,persistent,97,sawyer_push,False,False,False,10,0,False,,,,2026-04-27T14:13:31Z,0.2,1.3
c4aqf1kc,task6_sawyer_push_s99,real1,finished,6,sawyer_push,cka,persistent,99,sawyer_push,False,False,False,10,0,False,,,,2026-04-27T14:15:12Z,0.7,8.9
w8gwcd2y,task6_sawyer_push_s97,real1,finished,6,sawyer_push,cka,persistent,97,sawyer_push,False,False,False,10,0,False,,,,2026-04-27T14:16:15Z,0.5,17.4
s48a89yp,task6_sawyer_push_s99,real1,finished,6,sawyer_push,cka,persistent,99,sawyer_push,False,False,False,10,0,False,,,,2026-04-27T14:16:21Z,0.4,7.1
ivs4bdbp,task6_sawyer_push_s98,real1,finished,6,sawyer_push,cka,persistent,98,sawyer_push,False,False,False,10,0,False,,,,2026-04-27T14:17:35Z,0.2,7.6
fb02i6gg,task6_sawyer_push_s97,real1,finished,6,sawyer_push,cka,reset,97,sawyer_push,False,False,False,10,0,False,,,,2026-04-27T14:25:58Z,0.3,4.3
t2u4pttd,task6_sawyer_push_s98,real1,finished,6,sawyer_push,cka,reset,98,sawyer_push,False,False,False,10,0,False,,,,2026-04-27T14:28:27Z,0.5,6.1
1e2aie4e,task6_sawyer_push_s99,real1,finished,6,sawyer_push,cka,reset,99,sawyer_push,False,False,False,10,0,False,,,,2026-04-27T14:29:13Z,0.5,18.8
0h01lh2s,task4_sawyer_stick_pull_s101,real1,finished,4,sawyer_stick_pull,cka,cka,101,sawyer_stick_pull,False,False,False,10,0,False,,,,2026-04-27T15:10:28Z,0.6,20.5
0835xga4,task5_sawyer_handle_press_side_s101,real1,finished,5,sawyer_handle_press_side,cka,persistent,101,sawyer_handle_press_side,False,False,False,10,0,False,,,,2026-04-27T15:29:04Z,0.0,0.0
c6yduorj,task6_sawyer_push_s97,real1,finished,6,sawyer_push,cka,cka,97,sawyer_push,False,False,False,10,0,False,,,,2026-04-27T17:20:41Z,0.1,0.4
26rlnhka,task6_sawyer_push_s98,real1,finished,6,sawyer_push,cka,cka,98,sawyer_push,False,False,False,10,0,False,,,,2026-04-27T17:22:03Z,0.2,5.9
04trjzbw,task6_sawyer_push_s99,real1,finished,6,sawyer_push,cka,cka,99,sawyer_push,False,False,False,10,0,False,,,,2026-04-27T17:27:59Z,0.1,2.9
houotiap,task7_sawyer_shelf_place_s97,real1,finished,7,sawyer_shelf_place,cka,reset,97,sawyer_shelf_place,False,False,False,10,0,False,,,,2026-04-27T17:32:55Z,0.5,25.2
cwsk1h8f,task5_sawyer_handle_press_side_s100,real1,finished,5,sawyer_handle_press_side,cka,reset,100,sawyer_handle_press_side,False,False,False,10,0,False,,,,2026-04-27T17:34:59Z,0.0,0.0
t0untn07,task7_sawyer_shelf_place_s98,real1,finished,7,sawyer_shelf_place,cka,reset,98,sawyer_shelf_place,False,False,False,10,0,False,,,,2026-04-27T17:35:37Z,0.8,44.9
ggpyijwi,task7_sawyer_shelf_place_s99,real1,finished,7,sawyer_shelf_place,cka,reset,99,sawyer_shelf_place,False,False,False,10,0,False,,,,2026-04-27T17:36:33Z,0.6,26.0
bb9ngyok,task5_sawyer_handle_press_side_s101,real1,finished,5,sawyer_handle_press_side,cka,reset,101,sawyer_handle_press_side,False,False,False,10,0,False,,,,2026-04-27T17:42:00Z,0.0,0.0
aejn0yfq,task7_sawyer_shelf_place_s98,real1,finished,7,sawyer_shelf_place,cka,persistent,98,sawyer_shelf_place,False,False,False,10,0,False,,,,2026-04-27T17:51:58Z,0.6,21.0
j69dm5vj,task7_sawyer_shelf_place_s99,real1,finished,7,sawyer_shelf_place,cka,persistent,99,sawyer_shelf_place,False,False,False,10,0,False,,,,2026-04-27T17:56:17Z,0.0,0.0
tgbudcj8,task7_sawyer_shelf_place_s97,real1,finished,7,sawyer_shelf_place,cka,persistent,97,sawyer_shelf_place,False,False,False,10,0,False,,,,2026-04-27T17:56:18Z,0.6,37.2
rvku7qnq,task7_sawyer_shelf_place_s97,real1,finished,7,sawyer_shelf_place,cka,persistent,97,sawyer_shelf_place,False,False,False,10,0,False,,,,2026-04-27T17:56:41Z,0.5,10.8
kv0no0wu,task7_sawyer_shelf_place_s99,real1,finished,7,sawyer_shelf_place,cka,persistent,99,sawyer_shelf_place,False,False,False,10,0,False,,,,2026-04-27T17:59:41Z,0.8,58.5
0ycb63ud,task7_sawyer_shelf_place_s98,real1,finished,7,sawyer_shelf_place,cka,persistent,98,sawyer_shelf_place,False,False,False,10,0,False,,,,2026-04-27T17:59:47Z,0.8,39.1
tkm38wqt,task7_sawyer_shelf_place_s97,real1,finished,7,sawyer_shelf_place,cka,reset,97,sawyer_shelf_place,False,False,False,10,0,False,,,,2026-04-27T18:05:59Z,0.5,27.3
64x7llt2,task7_sawyer_shelf_place_s98,real1,finished,7,sawyer_shelf_place,cka,reset,98,sawyer_shelf_place,False,False,False,10,0,False,,,,2026-04-27T18:08:10Z,0.9,38.1
slt28xol,task7_sawyer_shelf_place_s99,real1,finished,7,sawyer_shelf_place,cka,reset,99,sawyer_shelf_place,False,False,False,10,0,False,,,,2026-04-27T18:09:08Z,0.6,27.5
euz93lf3,task6_sawyer_push_s101,real1,finished,6,sawyer_push,cka,persistent,101,sawyer_push,False,False,False,10,0,False,,,,2026-04-27T19:25:47Z,0.1,0.3
5kpr14el,task8_sawyer_window_close_s97,real1,finished,8,sawyer_window_close,cka,reset,97,sawyer_window_close,False,False,False,10,0,False,,,,2026-04-27T21:21:17Z,0.0,0.0
wb05ebds,task8_sawyer_window_close_s98,real1,finished,8,sawyer_window_close,cka,reset,98,sawyer_window_close,False,False,False,10,0,False,,,,2026-04-27T21:23:18Z,0.0,0.0
7sbhhj43,task8_sawyer_window_close_s99,real1,finished,8,sawyer_window_close,cka,reset,99,sawyer_window_close,False,False,False,10,0,False,,,,2026-04-27T21:24:53Z,0.0,0.0
ka0vta9e,task5_sawyer_handle_press_side_s101,real1,finished,5,sawyer_handle_press_side,cka,cka,101,sawyer_handle_press_side,False,False,False,10,0,False,,,,2026-04-27T21:29:42Z,0.0,0.0
c0dg6k6j,task7_sawyer_shelf_place_s97,real1,finished,7,sawyer_shelf_place,cka,cka,97,sawyer_shelf_place,False,False,False,10,0,False,,,,2026-04-27T21:49:24Z,0.4,19.3
clle5cic,task8_sawyer_window_close_s98,real1,finished,8,sawyer_window_close,cka,persistent,98,sawyer_window_close,False,False,False,10,0,False,,,,2026-04-27T21:49:39Z,0.0,0.0
acybprf7,task7_sawyer_shelf_place_s98,real1,finished,7,sawyer_shelf_place,cka,cka,98,sawyer_shelf_place,False,False,False,10,0,False,,,,2026-04-27T21:50:34Z,0.6,20.8
xiybgq83,task8_sawyer_window_close_s99,real1,finished,8,sawyer_window_close,cka,persistent,99,sawyer_window_close,False,False,False,10,0,False,,,,2026-04-27T21:54:39Z,0.0,0.0
7iy8vhe9,task8_sawyer_window_close_s97,real1,finished,8,sawyer_window_close,cka,persistent,97,sawyer_window_close,False,False,False,10,0,False,,,,2026-04-27T21:55:29Z,0.0,0.0
epi0j8cg,task7_sawyer_shelf_place_s99,real1,finished,7,sawyer_shelf_place,cka,cka,99,sawyer_shelf_place,False,False,False,10,0,False,,,,2026-04-27T21:56:18Z,0.2,7.6
fj5khqzy,task8_sawyer_window_close_s97,real1,finished,8,sawyer_window_close,cka,reset,97,sawyer_window_close,False,False,False,10,0,False,,,,2026-04-27T22:09:01Z,0.0,0.0
8hq2yi4f,task8_sawyer_window_close_s97,real1,finished,8,sawyer_window_close,cka,persistent,97,sawyer_window_close,False,False,False,10,0,False,,,,2026-04-27T22:12:01Z,0.1,9.1
v8horlfd,task8_sawyer_window_close_s98,real1,finished,8,sawyer_window_close,cka,reset,98,sawyer_window_close,False,False,False,10,0,False,,,,2026-04-27T22:12:49Z,0.0,0.0
379fjagi,task8_sawyer_window_close_s99,real1,finished,8,sawyer_window_close,cka,persistent,99,sawyer_window_close,False,False,False,10,0,False,,,,2026-04-27T22:13:41Z,0.0,0.0
ix1vgjmh,task8_sawyer_window_close_s99,real1,finished,8,sawyer_window_close,cka,reset,99,sawyer_window_close,False,False,False,10,0,False,,,,2026-04-27T22:14:28Z,0.0,0.0
nuokzqgl,task8_sawyer_window_close_s98,real1,finished,8,sawyer_window_close,cka,persistent,98,sawyer_window_close,False,False,False,10,0,False,,,,2026-04-27T22:16:01Z,0.0,0.0
tmu2zhed,task6_sawyer_push_s100,real1,finished,6,sawyer_push,cka,reset,100,sawyer_push,False,False,False,10,0,False,,,,2026-04-27T22:36:48Z,0.5,15.7
ka3qqohc,task6_sawyer_push_s101,real1,finished,6,sawyer_push,cka,reset,101,sawyer_push,False,False,False,10,0,False,,,,2026-04-27T22:44:49Z,0.0,0.0
7gvtt784,task7_sawyer_shelf_place_s101,real1,finished,7,sawyer_shelf_place,cka,persistent,101,sawyer_shelf_place,False,False,False,10,0,False,,,,2026-04-27T23:22:52Z,0.3,15.3
3zyja17x,task9_sawyer_peg_unplug_side_s97,real1,finished,9,sawyer_peg_unplug_side,cka,reset,97,sawyer_peg_unplug_side,False,False,False,10,0,False,,,,2026-04-28T01:28:08Z,0.3,2.9
fsrrw3vj,task9_sawyer_peg_unplug_side_s98,real1,finished,9,sawyer_peg_unplug_side,cka,reset,98,sawyer_peg_unplug_side,False,False,False,10,0,False,,,,2026-04-28T01:30:16Z,0.3,1.4
jj43td5s,task9_sawyer_peg_unplug_side_s99,real1,finished,9,sawyer_peg_unplug_side,cka,reset,99,sawyer_peg_unplug_side,False,False,False,10,0,False,,,,2026-04-28T01:30:18Z,0.7,7.3
jaakiimt,task9_sawyer_peg_unplug_side_s98,real1,finished,9,sawyer_peg_unplug_side,cka,persistent,98,sawyer_peg_unplug_side,False,False,False,10,0,False,,,,2026-04-28T02:15:29Z,0.2,1.8
hwzhsyhu,task9_sawyer_peg_unplug_side_s99,real1,finished,9,sawyer_peg_unplug_side,cka,persistent,99,sawyer_peg_unplug_side,False,False,False,10,0,False,,,,2026-04-28T02:21:33Z,0.6,4.2
aw9seqgg,task9_sawyer_peg_unplug_side_s97,real1,finished,9,sawyer_peg_unplug_side,cka,persistent,97,sawyer_peg_unplug_side,False,False,False,10,0,False,,,,2026-04-28T02:24:13Z,0.2,2.5
zll0wvi4,task6_sawyer_push_s101,real1,finished,6,sawyer_push,cka,cka,101,sawyer_push,False,False,False,10,0,False,,,,2026-04-28T02:59:26Z,0.2,4.1
tphom0ew,task9_sawyer_peg_unplug_side_s97,real1,finished,9,sawyer_peg_unplug_side,cka,reset,97,sawyer_peg_unplug_side,False,False,False,10,0,False,,,,2026-04-28T03:09:16Z,0.2,3.5
g7z53xnh,task9_sawyer_peg_unplug_side_s97,real1,finished,9,sawyer_peg_unplug_side,cka,persistent,97,sawyer_peg_unplug_side,False,False,False,10,0,False,,,,2026-04-28T03:13:27Z,0.4,3.2
zgq405i1,task9_sawyer_peg_unplug_side_s99,real1,finished,9,sawyer_peg_unplug_side,cka,persistent,99,sawyer_peg_unplug_side,False,False,False,10,0,False,,,,2026-04-28T03:17:17Z,0.4,2.4
gi6i9fkx,task9_sawyer_peg_unplug_side_s99,real1,finished,9,sawyer_peg_unplug_side,cka,reset,99,sawyer_peg_unplug_side,False,False,False,10,0,False,,,,2026-04-28T03:17:34Z,0.1,0.4
kdqx7zso,task9_sawyer_peg_unplug_side_s98,real1,finished,9,sawyer_peg_unplug_side,cka,reset,98,sawyer_peg_unplug_side,False,False,False,10,0,False,,,,2026-04-28T03:17:51Z,0.4,5.2
gs13u2nw,task9_sawyer_peg_unplug_side_s98,real1,finished,9,sawyer_peg_unplug_side,cka,persistent,98,sawyer_peg_unplug_side,False,False,False,10,0,False,,,,2026-04-28T03:24:30Z,0.6,4.4
plve3evp,task8_sawyer_window_close_s97,real1,finished,8,sawyer_window_close,cka,cka,97,sawyer_window_close,False,False,False,10,0,False,,,,2026-04-28T03:26:26Z,0.0,0.0
w4mrcjfn,task8_sawyer_window_close_s98,real1,finished,8,sawyer_window_close,cka,cka,98,sawyer_window_close,False,False,False,10,0,False,,,,2026-04-28T03:28:37Z,0.0,0.0
nz8tptnq,task8_sawyer_window_close_s101,real1,finished,8,sawyer_window_close,cka,persistent,101,sawyer_window_close,False,False,False,10,0,False,,,,2026-04-28T03:35:48Z,0.2,8.6
n4k8f66j,task8_sawyer_window_close_s99,real1,finished,8,sawyer_window_close,cka,cka,99,sawyer_window_close,False,False,False,10,0,False,,,,2026-04-28T03:38:37Z,0.0,0.0
5mhz695z,task7_sawyer_shelf_place_s100,real1,finished,7,sawyer_shelf_place,cka,reset,100,sawyer_shelf_place,False,False,False,10,0,False,,,,2026-04-28T03:39:30Z,0.3,12.6
s2usx324,task7_sawyer_shelf_place_s101,real1,finished,7,sawyer_shelf_place,cka,reset,101,sawyer_shelf_place,False,False,False,10,0,False,,,,2026-04-28T03:49:01Z,0.2,10.0
4d31w2qa,task9_sawyer_peg_unplug_side_s101,real1,finished,9,sawyer_peg_unplug_side,cka,persistent,101,sawyer_peg_unplug_side,False,False,False,10,0,False,,,,2026-04-28T08:05:35Z,0.2,2.7
8p8wpqjg,task7_sawyer_shelf_place_s101,real1,finished,7,sawyer_shelf_place,cka,cka,101,sawyer_shelf_place,False,False,False,10,0,False,,,,2026-04-28T08:34:16Z,0.0,0.0
nnjhebc1,task8_sawyer_window_close_s100,real1,finished,8,sawyer_window_close,cka,reset,100,sawyer_window_close,False,False,False,10,0,False,,,,2026-04-28T08:56:16Z,0.0,0.0
3pigzcf6,task8_sawyer_window_close_s101,real1,finished,8,sawyer_window_close,cka,reset,101,sawyer_window_close,False,False,False,10,0,False,,,,2026-04-28T09:05:11Z,0.0,0.0
o1bp2nos,task9_sawyer_peg_unplug_side_s97,real1,finished,9,sawyer_peg_unplug_side,cka,cka,97,sawyer_peg_unplug_side,False,False,False,10,0,False,,,,2026-04-28T09:08:51Z,0.3,3.8
0savsklx,task9_sawyer_peg_unplug_side_s98,real1,finished,9,sawyer_peg_unplug_side,cka,cka,98,sawyer_peg_unplug_side,False,False,False,10,0,False,,,,2026-04-28T09:13:08Z,0.0,0.0
wtzm853f,task9_sawyer_peg_unplug_side_s99,real1,finished,9,sawyer_peg_unplug_side,cka,cka,99,sawyer_peg_unplug_side,False,False,False,10,0,False,,,,2026-04-28T09:17:39Z,0.1,1.0
