group,actor_mode,critic_mode,seed,task_idx,env,run_id,n_evals,best_success,end_success,mean_success_during_training,auc_success,stability,cell
c2_decomposed,reset,decomposed,5,0,sawyer_hammer,2t9lwiy8,159.0,1.0,1.0,0.7974842767295597,0.7962025316455696,1.0,actor=reset-critic=decomposed
c2_decomposed,reset,decomposed,5,1,sawyer_push_wall,allszom8,159.0,1.0,0.0,0.6176100628930817,0.6215189873417721,0.0,actor=reset-critic=decomposed
c2_decomposed,reset,decomposed,5,2,sawyer_faucet_close,w6hfssc3,159.0,0.9,0.5,0.35911949685534594,0.3579113924050633,0.5555555555555556,actor=reset-critic=decomposed
c2_decomposed,reset,decomposed,5,3,sawyer_push_back,nnejz0jj,159.0,1.0,1.0,0.8773584905660378,0.879746835443038,1.0,actor=reset-critic=decomposed
c2_decomposed,reset,decomposed,5,4,sawyer_stick_pull,bjye5f07,159.0,1.0,0.7,0.49245283018867925,0.49335443037974686,0.7,actor=reset-critic=decomposed
c2_decomposed,reset,decomposed,5,5,sawyer_handle_press_side,j4xzz4nu,159.0,0.3,0.0,0.037106918238993716,0.03734177215189873,0.0,actor=reset-critic=decomposed
c2_decomposed,reset,decomposed,5,6,sawyer_push,qyx35wl8,159.0,1.0,0.5,0.5962264150943395,0.5984177215189873,0.5,actor=reset-critic=decomposed
c2_decomposed,reset,decomposed,5,7,sawyer_shelf_place,c4hz7huh,159.0,0.9,0.2,0.39182389937106926,0.39367088607594936,0.22222222222222224,actor=reset-critic=decomposed
c2_decomposed,reset,decomposed,5,8,sawyer_window_close,d6koytzu,159.0,0.6,0.1,0.15723270440251572,0.1579113924050633,0.16666666666666669,actor=reset-critic=decomposed
c2_decomposed,reset,decomposed,5,9,sawyer_peg_unplug_side,su9l5jwj,159.0,0.9,0.5,0.28742138364779873,0.2870253164556962,0.5555555555555556,actor=reset-critic=decomposed
c2_decomposed,reset,decomposed,6,0,sawyer_hammer,x02zwqnm,159.0,1.0,0.9,0.9465408805031447,0.9465189873417722,0.9,actor=reset-critic=decomposed
c2_decomposed,reset,decomposed,6,1,sawyer_push_wall,wme6ymj0,159.0,1.0,1.0,0.7748427672955976,0.7765822784810127,1.0,actor=reset-critic=decomposed
c2_decomposed,reset,decomposed,6,2,sawyer_faucet_close,h88lbvr7,159.0,0.8,0.4,0.34716981132075475,0.3468354430379747,0.5,actor=reset-critic=decomposed
c2_decomposed,reset,decomposed,6,3,sawyer_push_back,edtd2z0y,159.0,1.0,0.3,0.8169811320754717,0.8212025316455697,0.3,actor=reset-critic=decomposed
c2_decomposed,reset,decomposed,6,4,sawyer_stick_pull,qm0ffn03,159.0,1.0,0.3,0.5163522012578617,0.5186708860759494,0.3,actor=reset-critic=decomposed
c2_decomposed,reset,decomposed,6,5,sawyer_handle_press_side,pjnb9mw4,159.0,0.4,0.1,0.07547169811320754,0.07531645569620253,0.25,actor=reset-critic=decomposed
c2_decomposed,reset,decomposed,6,6,sawyer_push,x7qkfxkx,159.0,1.0,0.1,0.40817610062893084,0.41012658227848103,0.1,actor=reset-critic=decomposed
c2_decomposed,reset,decomposed,6,7,sawyer_shelf_place,a467mc8p,159.0,1.0,0.5,0.36415094339622633,0.364873417721519,0.5,actor=reset-critic=decomposed
c2_decomposed,reset,decomposed,6,8,sawyer_window_close,rdrlqt4i,159.0,0.7,0.1,0.17044025157232706,0.17120253164556962,0.14285714285714288,actor=reset-critic=decomposed
c2_decomposed,reset,decomposed,6,9,sawyer_peg_unplug_side,4382dyxe,159.0,0.7,0.6,0.30000000000000004,0.3,0.8571428571428572,actor=reset-critic=decomposed
c2_decomposed,reset,decomposed,7,0,sawyer_hammer,8zy0ejgo,159.0,1.0,0.8,0.9408805031446542,0.9414556962025317,0.8,actor=reset-critic=decomposed
c2_decomposed,reset,decomposed,7,1,sawyer_push_wall,xpfy5oky,159.0,1.0,0.9,0.8534591194968553,0.8560126582278481,0.9,actor=reset-critic=decomposed
c2_decomposed,reset,decomposed,7,2,sawyer_faucet_close,nylxrxg1,159.0,0.9,0.1,0.3761006289308176,0.37816455696202533,0.11111111111111112,actor=reset-critic=decomposed
c2_decomposed,reset,decomposed,7,3,sawyer_push_back,hqszk4jg,159.0,1.0,1.0,0.6836477987421384,0.6848101265822785,1.0,actor=reset-critic=decomposed
c2_decomposed,reset,decomposed,7,4,sawyer_stick_pull,9u0it71p,159.0,1.0,0.3,0.6012578616352201,0.6041139240506329,0.3,actor=reset-critic=decomposed
c2_decomposed,reset,decomposed,7,5,sawyer_handle_press_side,ayfdahh6,159.0,0.5,0.1,0.10251572327044023,0.10284810126582279,0.2,actor=reset-critic=decomposed
c2_decomposed,reset,decomposed,7,6,sawyer_push,wlus3sde,159.0,1.0,0.2,0.6050314465408806,0.6082278481012658,0.2,actor=reset-critic=decomposed
c2_decomposed,reset,decomposed,7,7,sawyer_shelf_place,fz7nq09v,159.0,1.0,0.9,0.4125786163522012,0.4123417721518987,0.9,actor=reset-critic=decomposed
c2_decomposed,reset,decomposed,7,8,sawyer_window_close,eu8mvhjc,159.0,0.6,0.0,0.17106918238993712,0.17056962025316455,0.0,actor=reset-critic=decomposed
c2_decomposed,reset,decomposed,7,9,sawyer_peg_unplug_side,tylehwx6,159.0,1.0,0.4,0.3918238993710692,0.39272151898734176,0.4,actor=reset-critic=decomposed
for_real,cka,cka,97,0,sawyer_hammer,zok4xfsd,159.0,1.0,1.0,0.7981132075471699,0.7987341772151899,1.0,actor=cka-critic=cka
for_real,cka,cka,97,1,sawyer_push_wall,zmdvwkrr,159.0,1.0,0.7,0.630817610062893,0.6325949367088608,0.7,actor=cka-critic=cka
for_real,cka,cka,97,2,sawyer_faucet_close,wd9wv9sg,159.0,0.8,0.4,0.39937106918238996,0.4,0.5,actor=cka-critic=cka
for_real,cka,cka,97,3,sawyer_push_back,w8w7ljtu,159.0,1.0,1.0,0.6893081761006291,0.6905063291139241,1.0,actor=cka-critic=cka
for_real,cka,cka,97,4,sawyer_stick_pull,lv165sdg,159.0,1.0,0.8,0.3955974842767295,0.39556962025316456,0.8,actor=cka-critic=cka
for_real,cka,cka,97,5,sawyer_handle_press_side,fp0t63dn,159.0,0.2,0.1,0.011949685534591194,0.01170886075949367,0.5,actor=cka-critic=cka
for_real,cka,cka,97,6,sawyer_push,j49r29fn,159.0,0.7,0.0,0.16855345911949687,0.16962025316455695,0.0,actor=cka-critic=cka
for_real,cka,cka,97,7,sawyer_shelf_place,89a2x63i,159.0,1.0,0.6,0.14276729559748427,0.14177215189873418,0.6,actor=cka-critic=cka
for_real,cka,cka,98,0,sawyer_hammer,01n9tnlo,159.0,1.0,0.9,0.7471698113207548,0.7471518987341772,0.9,actor=cka-critic=cka
for_real,cka,cka,98,1,sawyer_push_wall,bypuj3zn,159.0,0.9,0.2,0.3849056603773585,0.3867088607594937,0.22222222222222224,actor=cka-critic=cka
for_real,cka,cka,98,2,sawyer_faucet_close,oot56g63,159.0,0.9,0.5,0.3792452830188679,0.3778481012658228,0.5555555555555556,actor=cka-critic=cka
for_real,cka,cka,98,3,sawyer_push_back,kahippwq,159.0,1.0,1.0,0.6503144654088051,0.6512658227848102,1.0,actor=cka-critic=cka
for_real,cka,cka,98,4,sawyer_stick_pull,xapxkrte,159.0,1.0,0.5,0.5408805031446541,0.5427215189873418,0.5,actor=cka-critic=cka
for_real,cka,cka,98,5,sawyer_handle_press_side,2pdfmv3y,159.0,0.2,0.0,0.009433962264150943,0.00949367088607595,0.0,actor=cka-critic=cka
for_real,cka,cka,98,6,sawyer_push,lmuz9ea9,159.0,1.0,1.0,0.560377358490566,0.5607594936708861,1.0,actor=cka-critic=cka
for_real,cka,cka,98,7,sawyer_shelf_place,flhjypit,159.0,1.0,0.9,0.2861635220125786,0.28512658227848103,0.9,actor=cka-critic=cka
for_real,cka,cka,99,0,sawyer_hammer,a7zqzepk,159.0,1.0,1.0,0.8566037735849058,0.8588607594936709,1.0,actor=cka-critic=cka
for_real,cka,cka,99,1,sawyer_push_wall,l0j69sc5,159.0,1.0,0.5,0.43836477987421374,0.43955696202531647,0.5,actor=cka-critic=cka
for_real,cka,cka,99,2,sawyer_faucet_close,oduqf5j5,159.0,0.9,0.3,0.3440251572327045,0.34335443037974683,0.3333333333333333,actor=cka-critic=cka
for_real,cka,cka,99,3,sawyer_push_back,tmssl3ox,159.0,1.0,1.0,0.6503144654088051,0.6512658227848102,1.0,actor=cka-critic=cka
for_real,cka,cka,99,4,sawyer_stick_pull,bfzdtvp1,159.0,1.0,0.3,0.45408805031446536,0.4560126582278481,0.3,actor=cka-critic=cka
for_real,cka,cka,99,5,sawyer_handle_press_side,861xzuez,159.0,0.3,0.0,0.013836477987421384,0.013924050632911392,0.0,actor=cka-critic=cka
for_real,cka,cka,99,6,sawyer_push,08up83x9,159.0,1.0,0.5,0.3981132075471698,0.3990506329113924,0.5,actor=cka-critic=cka
for_real,cka,cka,99,7,sawyer_shelf_place,7a4a2q8g,159.0,0.0,0.0,0.0,0.0,0.0,actor=cka-critic=cka
for_real,cka,cka,100,0,sawyer_hammer,z8v2pjct,159.0,1.0,0.7,0.7867924528301886,0.7863924050632911,0.7,actor=cka-critic=cka
for_real,cka,cka,100,1,sawyer_push_wall,7nn9pf00,159.0,1.0,1.0,0.5232704402515722,0.5234177215189874,1.0,actor=cka-critic=cka
for_real,cka,cka,100,2,sawyer_faucet_close,dbqcyl5z,159.0,0.8,0.2,0.30377358490566037,0.3050632911392405,0.25,actor=cka-critic=cka
for_real,cka,cka,100,3,sawyer_push_back,s7nwjvxb,159.0,1.0,1.0,0.679245283018868,0.680379746835443,1.0,actor=cka-critic=cka
for_real,cka,cka,100,4,sawyer_stick_pull,ma11sjjg,159.0,1.0,0.4,0.5119496855345912,0.5139240506329114,0.4,actor=cka-critic=cka
for_real,cka,cka,101,0,sawyer_hammer,bd4x3hn1,159.0,1.0,1.0,0.9094339622641511,0.9088607594936708,1.0,actor=cka-critic=cka
for_real,cka,cka,101,1,sawyer_push_wall,3c4tvmk8,159.0,1.0,0.3,0.6283018867924528,0.6313291139240507,0.3,actor=cka-critic=cka
for_real,cka,cka,101,2,sawyer_faucet_close,wtlikbqa,159.0,0.8,0.3,0.3547169811320755,0.3541139240506329,0.37499999999999994,actor=cka-critic=cka
for_real,cka,cka,101,3,sawyer_push_back,2hwsk4br,159.0,1.0,0.9,0.6018867924528302,0.6028481012658228,0.9,actor=cka-critic=cka
for_real,cka,cka,101,4,sawyer_stick_pull,2dau1yyg,159.0,1.0,0.9,0.4276729559748428,0.42753164556962026,0.9,actor=cka-critic=cka
for_real,cka,persistent,97,0,sawyer_hammer,lvl13kfw,159.0,1.0,1.0,0.8163522012578617,0.8167721518987342,1.0,actor=cka-critic=persistent
for_real,cka,persistent,97,1,sawyer_push_wall,qloqwvw4,159.0,1.0,0.3,0.669182389937107,0.6724683544303798,0.3,actor=cka-critic=persistent
for_real,cka,persistent,97,2,sawyer_faucet_close,4ozg26u5,159.0,0.9,0.6,0.3584905660377358,0.3569620253164557,0.6666666666666666,actor=cka-critic=persistent
for_real,cka,persistent,97,3,sawyer_push_back,9vizfsn7,159.0,1.0,0.4,0.6276729559748427,0.6303797468354431,0.4,actor=cka-critic=persistent
for_real,cka,persistent,97,4,sawyer_stick_pull,12cri2vt,159.0,1.0,0.1,0.5106918238993711,0.5136075949367088,0.1,actor=cka-critic=persistent
for_real,cka,persistent,97,5,sawyer_handle_press_side,iho5n1mu,159.0,0.1,0.1,0.007547169811320756,0.006962025316455696,1.0,actor=cka-critic=persistent
for_real,cka,persistent,98,0,sawyer_hammer,hkszhf3s,159.0,1.0,1.0,0.9069182389937108,0.9088607594936708,1.0,actor=cka-critic=persistent
for_real,cka,persistent,98,1,sawyer_push_wall,m2ef0xl7,159.0,1.0,1.0,0.410062893081761,0.40949367088607597,1.0,actor=cka-critic=persistent
for_real,cka,persistent,98,2,sawyer_faucet_close,cw0mdjt2,159.0,0.8,0.5,0.3566037735849057,0.3550632911392405,0.625,actor=cka-critic=persistent
for_real,cka,persistent,98,3,sawyer_push_back,bsz5vz9t,159.0,1.0,0.8,0.7981132075471699,0.8006329113924051,0.8,actor=cka-critic=persistent
for_real,cka,persistent,98,4,sawyer_stick_pull,at2i09f6,159.0,1.0,0.8,0.34465408805031444,0.34430379746835443,0.8,actor=cka-critic=persistent
for_real,cka,persistent,98,5,sawyer_handle_press_side,imdzz1h5,159.0,0.2,0.0,0.007547169811320756,0.007594936708860759,0.0,actor=cka-critic=persistent
for_real,cka,persistent,99,0,sawyer_hammer,3koeo1qh,159.0,1.0,1.0,0.890566037735849,0.8901898734177215,1.0,actor=cka-critic=persistent
for_real,cka,persistent,99,1,sawyer_push_wall,9e7yvysx,159.0,1.0,0.8,0.5767295597484277,0.5778481012658228,0.8,actor=cka-critic=persistent
for_real,cka,persistent,99,2,sawyer_faucet_close,plrkul0z,159.0,0.9,0.4,0.3867924528301887,0.3879746835443038,0.4444444444444445,actor=cka-critic=persistent
for_real,cka,persistent,99,3,sawyer_push_back,zwjg9zoy,159.0,1.0,0.9,0.6301886792452831,0.6313291139240507,0.9,actor=cka-critic=persistent
for_real,cka,persistent,99,4,sawyer_stick_pull,s66i8spn,159.0,1.0,0.2,0.48490566037735844,0.4873417721518987,0.2,actor=cka-critic=persistent
for_real,cka,persistent,99,5,sawyer_handle_press_side,nbfz0d7w,159.0,0.1,0.0,0.003773584905660378,0.0037974683544303796,0.0,actor=cka-critic=persistent
for_real,cka,persistent,100,0,sawyer_hammer,qt3nfhg5,159.0,1.0,1.0,0.8125786163522012,0.8117088607594937,1.0,actor=cka-critic=persistent
for_real,cka,persistent,100,1,sawyer_push_wall,nqtjvdpv,159.0,1.0,0.3,0.5704402515723269,0.5731012658227848,0.3,actor=cka-critic=persistent
for_real,cka,persistent,100,2,sawyer_faucet_close,emeytwt6,159.0,0.8,0.3,0.30188679245283023,0.3028481012658228,0.37499999999999994,actor=cka-critic=persistent
for_real,cka,persistent,100,3,sawyer_push_back,ilxi1khp,159.0,1.0,0.5,0.3861635220125786,0.3870253164556962,0.5,actor=cka-critic=persistent
for_real,cka,persistent,100,4,sawyer_stick_pull,nx9xqk2k,159.0,1.0,0.3,0.5251572327044025,0.5275316455696203,0.3,actor=cka-critic=persistent
for_real,cka,persistent,101,0,sawyer_hammer,9yelcakv,159.0,1.0,0.9,0.8911949685534594,0.8920886075949367,0.9,actor=cka-critic=persistent
for_real,cka,persistent,101,1,sawyer_push_wall,z92b5q13,159.0,1.0,0.4,0.5471698113207547,0.549367088607595,0.4,actor=cka-critic=persistent
for_real,cka,persistent,101,2,sawyer_faucet_close,757kpuu9,159.0,1.0,0.2,0.3352201257861635,0.33354430379746836,0.2,actor=cka-critic=persistent
for_real,cka,persistent,101,3,sawyer_push_back,pi0hf3h8,159.0,1.0,0.8,0.7610062893081762,0.7632911392405063,0.8,actor=cka-critic=persistent
for_real,cka,persistent,101,4,sawyer_stick_pull,7aecl5d0,159.0,1.0,0.8,0.549685534591195,0.5506329113924051,0.8,actor=cka-critic=persistent
for_real,cka,reset,97,0,sawyer_hammer,utkragn3,159.0,1.0,0.9,0.908805031446541,0.9110759493670886,0.9,actor=cka-critic=reset
for_real,cka,reset,97,1,sawyer_push_wall,aopmmv7r,159.0,1.0,0.6,0.33396226415094343,0.3341772151898734,0.6,actor=cka-critic=reset
for_real,cka,reset,97,2,sawyer_faucet_close,cr2x07p8,159.0,0.9,0.7,0.4232704402515724,0.4234177215189873,0.7777777777777777,actor=cka-critic=reset
for_real,cka,reset,97,3,sawyer_push_back,m4fm1x7o,159.0,1.0,1.0,0.7257861635220125,0.7272151898734177,1.0,actor=cka-critic=reset
for_real,cka,reset,97,4,sawyer_stick_pull,vu1kami2,159.0,1.0,0.9,0.5465408805031446,0.5471518987341772,0.9,actor=cka-critic=reset
for_real,cka,reset,97,5,sawyer_handle_press_side,0rr9vmyx,159.0,0.3,0.0,0.020125786163522015,0.019936708860759492,0.0,actor=cka-critic=reset
for_real,cka,reset,97,6,sawyer_push,1l8p66nq,159.0,1.0,0.2,0.37735849056603776,0.37911392405063293,0.2,actor=cka-critic=reset
for_real,cka,reset,97,7,sawyer_shelf_place,yb88j78h,159.0,0.9,0.5,0.08364779874213836,0.08259493670886076,0.5555555555555556,actor=cka-critic=reset
for_real,cka,reset,98,0,sawyer_hammer,9nivq327,159.0,1.0,0.9,0.9232704402515723,0.9234177215189874,0.9,actor=cka-critic=reset
for_real,cka,reset,98,1,sawyer_push_wall,f3nbk4lz,159.0,1.0,0.9,0.5691823899371069,0.5699367088607595,0.9,actor=cka-critic=reset
for_real,cka,reset,98,2,sawyer_faucet_close,s2plunr8,159.0,0.9,0.6,0.41446540880503147,0.4139240506329114,0.6666666666666666,actor=cka-critic=reset
for_real,cka,reset,98,3,sawyer_push_back,ds5bfc5z,159.0,1.0,0.9,0.8660377358490567,0.8686708860759493,0.9,actor=cka-critic=reset
for_real,cka,reset,98,4,sawyer_stick_pull,p6fmchhs,159.0,1.0,0.1,0.4534591194968553,0.4560126582278481,0.1,actor=cka-critic=reset
for_real,cka,reset,98,5,sawyer_handle_press_side,vygaseqw,159.0,0.3,0.0,0.024528301886792454,0.024367088607594938,0.0,actor=cka-critic=reset
for_real,cka,reset,98,6,sawyer_push,qmox37gn,159.0,1.0,0.0,0.5138364779874215,0.5170886075949367,0.0,actor=cka-critic=reset
for_real,cka,reset,98,7,sawyer_shelf_place,ebn4bdfh,159.0,1.0,0.3,0.23081761006289306,0.23132911392405064,0.3,actor=cka-critic=reset
for_real,cka,reset,99,0,sawyer_hammer,1zrml600,159.0,1.0,1.0,0.8974842767295599,0.8984177215189874,1.0,actor=cka-critic=reset
for_real,cka,reset,99,1,sawyer_push_wall,lhm4cfqd,159.0,1.0,1.0,0.7433962264150943,0.7449367088607595,1.0,actor=cka-critic=reset
for_real,cka,reset,99,2,sawyer_faucet_close,887tlenz,159.0,0.8,0.4,0.34842767295597477,0.3490506329113924,0.5,actor=cka-critic=reset
for_real,cka,reset,99,3,sawyer_push_back,wvzed9ty,159.0,1.0,0.7,0.8427672955974843,0.845886075949367,0.7,actor=cka-critic=reset
for_real,cka,reset,99,4,sawyer_stick_pull,gh0n6w65,159.0,1.0,0.9,0.6452830188679245,0.6465189873417722,0.9,actor=cka-critic=reset
for_real,cka,reset,99,5,sawyer_handle_press_side,0e6iqgde,159.0,0.3,0.0,0.03207547169811321,0.032278481012658226,0.0,actor=cka-critic=reset
for_real,cka,reset,99,6,sawyer_push,qoq39qlk,159.0,1.0,0.4,0.6157232704402515,0.6177215189873417,0.4,actor=cka-critic=reset
for_real,cka,reset,99,7,sawyer_shelf_place,gsfli88i,159.0,1.0,0.7,0.30503144654088055,0.304746835443038,0.7,actor=cka-critic=reset
for_real,cka,reset,100,0,sawyer_hammer,t8vub3kd,159.0,1.0,0.8,0.7949685534591197,0.7962025316455696,0.8,actor=cka-critic=reset
for_real,cka,reset,100,1,sawyer_push_wall,tntukf13,159.0,1.0,1.0,0.7547169811320755,0.7563291139240507,1.0,actor=cka-critic=reset
for_real,cka,reset,100,2,sawyer_faucet_close,8s9rn2ko,159.0,0.8,0.6,0.4062893081761006,0.40569620253164557,0.7499999999999999,actor=cka-critic=reset
for_real,cka,reset,100,3,sawyer_push_back,6s1yqs6b,159.0,1.0,1.0,0.8025157232704402,0.8044303797468354,1.0,actor=cka-critic=reset
for_real,cka,reset,100,4,sawyer_stick_pull,byo1q5fq,159.0,1.0,0.9,0.5522012578616352,0.5528481012658227,0.9,actor=cka-critic=reset
for_real,cka,reset,101,0,sawyer_hammer,tkpoe4uu,159.0,1.0,0.8,0.9213836477987422,0.9218354430379747,0.8,actor=cka-critic=reset
for_real,cka,reset,101,1,sawyer_push_wall,hvmzjqw9,159.0,1.0,0.7,0.539622641509434,0.5408227848101266,0.7,actor=cka-critic=reset
for_real,cka,reset,101,2,sawyer_faucet_close,944co5lf,159.0,0.9,0.4,0.410062893081761,0.40854430379746837,0.4444444444444445,actor=cka-critic=reset
for_real,cka,reset,101,3,sawyer_push_back,xwbpb8y8,159.0,1.0,1.0,0.840880503144654,0.8430379746835444,1.0,actor=cka-critic=reset
for_real,cka,reset,101,4,sawyer_stick_pull,pjld1jl4,159.0,1.0,0.7,0.6610062893081762,0.6629746835443038,0.7,actor=cka-critic=reset
for_real,persistent,cka,97,0,sawyer_hammer,pofjzzvn,159.0,1.0,1.0,0.9062893081761005,0.9069620253164556,1.0,actor=persistent-critic=cka
for_real,persistent,cka,97,1,sawyer_push_wall,ijipl1f2,159.0,1.0,0.6,0.5723270440251572,0.5740506329113924,0.6,actor=persistent-critic=cka
for_real,persistent,cka,97,2,sawyer_faucet_close,ue69fjd0,159.0,0.8,0.4,0.3949685534591196,0.395253164556962,0.5,actor=persistent-critic=cka
for_real,persistent,cka,97,3,sawyer_push_back,plm95531,159.0,1.0,0.9,0.7018867924528304,0.7034810126582278,0.9,actor=persistent-critic=cka
for_real,persistent,cka,97,4,sawyer_stick_pull,b0rijxg2,159.0,1.0,1.0,0.5811320754716981,0.5816455696202532,1.0,actor=persistent-critic=cka
for_real,persistent,cka,97,5,sawyer_handle_press_side,h058caag,159.0,0.1,0.1,0.005031446540880504,0.004746835443037975,1.0,actor=persistent-critic=cka
for_real,persistent,cka,97,6,sawyer_push,bixyzd8z,159.0,1.0,1.0,0.4314465408805031,0.4310126582278481,1.0,actor=persistent-critic=cka
for_real,persistent,cka,97,7,sawyer_shelf_place,6uufgp8l,159.0,0.7,0.3,0.08113207547169811,0.08069620253164557,0.4285714285714286,actor=persistent-critic=cka
for_real,persistent,cka,97,8,sawyer_window_close,iejx2lbs,159.0,0.5,0.0,0.04654088050314466,0.04683544303797468,0.0,actor=persistent-critic=cka
for_real,persistent,cka,97,9,sawyer_peg_unplug_side,el8hecfs,159.0,0.7,0.2,0.2528301886792453,0.25348101265822787,0.28571428571428575,actor=persistent-critic=cka
for_real,persistent,cka,98,0,sawyer_hammer,sqerbyvs,159.0,1.0,0.9,0.7484276729559748,0.7471518987341772,0.9,actor=persistent-critic=cka
for_real,persistent,cka,98,1,sawyer_push_wall,5ovw7ece,159.0,1.0,1.0,0.3779874213836478,0.37721518987341773,1.0,actor=persistent-critic=cka
for_real,persistent,cka,98,2,sawyer_faucet_close,f2tpr0zu,159.0,0.8,0.1,0.38805031446540883,0.3879746835443038,0.125,actor=persistent-critic=cka
for_real,persistent,cka,98,3,sawyer_push_back,ivev955e,159.0,1.0,0.9,0.8345911949685536,0.8363924050632912,0.9,actor=persistent-critic=cka
for_real,persistent,cka,98,4,sawyer_stick_pull,uu5rcepo,159.0,1.0,0.7,0.459119496855346,0.4598101265822785,0.7,actor=persistent-critic=cka
for_real,persistent,cka,98,5,sawyer_handle_press_side,0ax1ox3v,159.0,0.1,0.0,0.009433962264150943,0.00949367088607595,0.0,actor=persistent-critic=cka
for_real,persistent,cka,98,6,sawyer_push,fcun3spl,159.0,1.0,0.2,0.5157232704402516,0.5183544303797468,0.2,actor=persistent-critic=cka
for_real,persistent,cka,98,7,sawyer_shelf_place,ayt5t7sk,159.0,1.0,0.3,0.36792452830188677,0.36930379746835446,0.3,actor=persistent-critic=cka
for_real,persistent,cka,98,8,sawyer_window_close,pxtw7l2t,159.0,0.4,0.1,0.06415094339622641,0.06424050632911392,0.25,actor=persistent-critic=cka
for_real,persistent,cka,98,9,sawyer_peg_unplug_side,1lcajtgd,159.0,0.7,0.1,0.20062893081761005,0.20126582278481012,0.14285714285714288,actor=persistent-critic=cka
for_real,persistent,cka,99,0,sawyer_hammer,kv57vv4q,159.0,1.0,1.0,0.9276729559748429,0.9300632911392405,1.0,actor=persistent-critic=cka
for_real,persistent,cka,99,1,sawyer_push_wall,x092m17g,159.0,1.0,0.1,0.4968553459119497,0.49968354430379747,0.1,actor=persistent-critic=cka
for_real,persistent,cka,99,2,sawyer_faucet_close,sg67qnox,159.0,0.9,0.3,0.39308176100628933,0.39272151898734176,0.3333333333333333,actor=persistent-critic=cka
for_real,persistent,cka,99,3,sawyer_push_back,0woff2qb,159.0,1.0,0.9,0.6553459119496856,0.6566455696202531,0.9,actor=persistent-critic=cka
for_real,persistent,cka,99,4,sawyer_stick_pull,8y2o947l,159.0,1.0,0.6,0.7157232704402516,0.7183544303797469,0.6,actor=persistent-critic=cka
for_real,persistent,cka,99,5,sawyer_handle_press_side,cj3gyz70,159.0,0.1,0.0,0.006918238993710692,0.006962025316455696,0.0,actor=persistent-critic=cka
for_real,persistent,cka,99,6,sawyer_push,vzsjuhek,159.0,0.9,0.3,0.3138364779874214,0.314873417721519,0.3333333333333333,actor=persistent-critic=cka
for_real,persistent,cka,99,7,sawyer_shelf_place,acn1nwt4,159.0,0.7,0.4,0.08364779874213836,0.08291139240506329,0.5714285714285715,actor=persistent-critic=cka
for_real,persistent,cka,99,8,sawyer_window_close,598gf5db,159.0,0.2,0.0,0.01761006289308176,0.01740506329113924,0.0,actor=persistent-critic=cka
for_real,persistent,cka,99,9,sawyer_peg_unplug_side,0yh4ije4,159.0,0.6,0.2,0.1867924528301887,0.18734177215189873,0.33333333333333337,actor=persistent-critic=cka
for_real,persistent,cka,100,0,sawyer_hammer,0x0d8h8r,159.0,1.0,0.6,0.8628930817610062,0.864240506329114,0.6,actor=persistent-critic=cka
for_real,persistent,cka,100,1,sawyer_push_wall,b07x9dd5,159.0,1.0,0.6,0.7930817610062894,0.7962025316455696,0.6,actor=persistent-critic=cka
for_real,persistent,cka,100,2,sawyer_faucet_close,j0a6m327,159.0,0.8,0.5,0.3729559748427673,0.37151898734177213,0.625,actor=persistent-critic=cka
for_real,persistent,cka,100,3,sawyer_push_back,zvhtt6rb,159.0,1.0,0.4,0.6446540880503144,0.6474683544303798,0.4,actor=persistent-critic=cka
for_real,persistent,cka,100,4,sawyer_stick_pull,tad9kadp,159.0,1.0,0.7,0.6056603773584907,0.6072784810126582,0.7,actor=persistent-critic=cka
for_real,persistent,cka,100,5,sawyer_handle_press_side,so018f03,159.0,0.1,0.0,0.007547169811320756,0.007594936708860759,0.0,actor=persistent-critic=cka
for_real,persistent,cka,100,6,sawyer_push,hqhnjb2f,159.0,1.0,0.9,0.6056603773584904,0.6066455696202532,0.9,actor=persistent-critic=cka
for_real,persistent,cka,100,7,sawyer_shelf_place,r6ahgts0,159.0,0.0,0.0,0.0,0.0,0.0,actor=persistent-critic=cka
for_real,persistent,cka,101,0,sawyer_hammer,97ew5ne0,159.0,1.0,0.8,0.8257861635220125,0.8253164556962025,0.8,actor=persistent-critic=cka
for_real,persistent,cka,101,1,sawyer_push_wall,s2ab6ph4,159.0,1.0,0.7,0.43836477987421396,0.4389240506329114,0.7,actor=persistent-critic=cka
for_real,persistent,cka,101,2,sawyer_faucet_close,446sswwh,159.0,0.8,0.3,0.31320754716981136,0.31265822784810127,0.37499999999999994,actor=persistent-critic=cka
for_real,persistent,cka,101,3,sawyer_push_back,cfd0zmgx,159.0,1.0,0.9,0.5886792452830188,0.5895569620253165,0.9,actor=persistent-critic=cka
for_real,persistent,cka,101,4,sawyer_stick_pull,1kvo2qmr,159.0,1.0,1.0,0.6169811320754717,0.6177215189873417,1.0,actor=persistent-critic=cka
for_real,persistent,cka,101,5,sawyer_handle_press_side,s9fu2dza,159.0,0.2,0.0,0.010062893081761008,0.010126582278481013,0.0,actor=persistent-critic=cka
for_real,persistent,cka,101,6,sawyer_push,6njvojgp,159.0,1.0,0.9,0.5062893081761006,0.5066455696202532,0.9,actor=persistent-critic=cka
for_real,persistent,cka,101,7,sawyer_shelf_place,ilhb336f,159.0,0.9,0.0,0.25408805031446546,0.25569620253164554,0.0,actor=persistent-critic=cka
for_real,persistent,persistent,97,0,sawyer_hammer,j8dzlmqg,159.0,1.0,1.0,0.8710691823899371,0.8734177215189873,1.0,actor=persistent-critic=persistent
for_real,persistent,persistent,97,1,sawyer_push_wall,db8bofry,159.0,1.0,1.0,0.6226415094339622,0.6234177215189873,1.0,actor=persistent-critic=persistent
for_real,persistent,persistent,97,2,sawyer_faucet_close,4hegr3kc,159.0,0.8,0.4,0.29685534591194973,0.2974683544303797,0.5,actor=persistent-critic=persistent
for_real,persistent,persistent,97,3,sawyer_push_back,2go801o3,159.0,1.0,0.3,0.7660377358490565,0.7699367088607595,0.3,actor=persistent-critic=persistent
for_real,persistent,persistent,97,4,sawyer_stick_pull,vzlpnl41,159.0,1.0,0.5,0.3735849056603774,0.37436708860759493,0.5,actor=persistent-critic=persistent
for_real,persistent,persistent,97,5,sawyer_handle_press_side,v73sdurh,159.0,0.2,0.0,0.00817610062893082,0.008227848101265823,0.0,actor=persistent-critic=persistent
for_real,persistent,persistent,97,6,sawyer_push,y9rgtl8v,159.0,1.0,0.3,0.4062893081761006,0.4079113924050633,0.3,actor=persistent-critic=persistent
for_real,persistent,persistent,97,7,sawyer_shelf_place,4l662589,159.0,1.0,0.6,0.38113207547169814,0.38164556962025314,0.6,actor=persistent-critic=persistent
for_real,persistent,persistent,97,8,sawyer_window_close,szjjibf4,159.0,0.5,0.0,0.07924528301886793,0.07974683544303797,0.0,actor=persistent-critic=persistent
for_real,persistent,persistent,97,9,sawyer_peg_unplug_side,05di5iwf,159.0,0.7,0.4,0.24088050314465412,0.24113924050632912,0.5714285714285715,actor=persistent-critic=persistent
for_real,persistent,persistent,98,0,sawyer_hammer,yvciopiw,159.0,1.0,1.0,0.8125786163522014,0.8126582278481013,1.0,actor=persistent-critic=persistent
for_real,persistent,persistent,98,1,sawyer_push_wall,m8av4c5t,159.0,1.0,0.5,0.4792452830188679,0.4806962025316456,0.5,actor=persistent-critic=persistent
for_real,persistent,persistent,98,2,sawyer_faucet_close,1kiu95jp,159.0,0.9,0.6,0.4327044025157232,0.43259493670886073,0.6666666666666666,actor=persistent-critic=persistent
for_real,persistent,persistent,98,3,sawyer_push_back,dn3ihk1o,159.0,1.0,1.0,0.7761006289308177,0.7778481012658228,1.0,actor=persistent-critic=persistent
for_real,persistent,persistent,98,4,sawyer_stick_pull,w96jbom9,159.0,1.0,0.2,0.5440251572327044,0.5465189873417722,0.2,actor=persistent-critic=persistent
for_real,persistent,persistent,98,5,sawyer_handle_press_side,b1elza8p,159.0,0.1,0.0,0.005660377358490566,0.00569620253164557,0.0,actor=persistent-critic=persistent
for_real,persistent,persistent,98,6,sawyer_push,y6mm2kgy,159.0,1.0,0.0,0.3867924528301887,0.38924050632911394,0.0,actor=persistent-critic=persistent
for_real,persistent,persistent,98,7,sawyer_shelf_place,d6m7r6uv,159.0,0.0,0.0,0.0,0.0,0.0,actor=persistent-critic=persistent
for_real,persistent,persistent,98,8,sawyer_window_close,fyrpjxr9,159.0,0.4,0.0,0.011320754716981133,0.01139240506329114,0.0,actor=persistent-critic=persistent
for_real,persistent,persistent,98,9,sawyer_peg_unplug_side,31e15u3f,159.0,0.8,0.2,0.19496855345911954,0.19556962025316454,0.25,actor=persistent-critic=persistent
for_real,persistent,persistent,99,0,sawyer_hammer,pjdbjr3h,159.0,1.0,1.0,0.8924528301886795,0.8917721518987342,1.0,actor=persistent-critic=persistent
for_real,persistent,persistent,99,1,sawyer_push_wall,wsh0xl1w,159.0,1.0,0.9,0.549685534591195,0.5503164556962026,0.9,actor=persistent-critic=persistent
for_real,persistent,persistent,99,2,sawyer_faucet_close,dbzw9b5m,159.0,0.9,0.3,0.3509433962264152,0.3522151898734177,0.3333333333333333,actor=persistent-critic=persistent
for_real,persistent,persistent,99,3,sawyer_push_back,0gf0qupd,159.0,1.0,0.4,0.6182389937106919,0.6208860759493671,0.4,actor=persistent-critic=persistent
for_real,persistent,persistent,99,4,sawyer_stick_pull,wjm6yb1u,159.0,1.0,0.3,0.6088050314465409,0.6117088607594937,0.3,actor=persistent-critic=persistent
for_real,persistent,persistent,99,5,sawyer_handle_press_side,quy1qlgq,159.0,0.4,0.0,0.027672955974842768,0.027531645569620254,0.0,actor=persistent-critic=persistent
for_real,persistent,persistent,99,6,sawyer_push,ohfnhhoj,159.0,1.0,0.5,0.5465408805031448,0.5484177215189874,0.5,actor=persistent-critic=persistent
for_real,persistent,persistent,99,7,sawyer_shelf_place,w0cdif1a,159.0,0.8,0.3,0.07547169811320756,0.075,0.37499999999999994,actor=persistent-critic=persistent
for_real,persistent,persistent,99,8,sawyer_window_close,8095ry9q,159.0,0.2,0.0,0.008805031446540882,0.008227848101265823,0.0,actor=persistent-critic=persistent
for_real,persistent,persistent,99,9,sawyer_peg_unplug_side,vhbjtj5p,159.0,0.9,0.0,0.29685534591194973,0.29873417721518986,0.0,actor=persistent-critic=persistent
for_real,persistent,persistent,100,0,sawyer_hammer,ltx4cgfb,159.0,1.0,1.0,0.9176100628930818,0.9183544303797468,1.0,actor=persistent-critic=persistent
for_real,persistent,persistent,100,1,sawyer_push_wall,imb8ohqg,159.0,1.0,0.6,0.4641509433962264,0.4651898734177215,0.6,actor=persistent-critic=persistent
for_real,persistent,persistent,100,2,sawyer_faucet_close,votds1q2,159.0,0.8,0.4,0.3157232704402516,0.31645569620253167,0.5,actor=persistent-critic=persistent
for_real,persistent,persistent,100,3,sawyer_push_back,hdgsq2md,159.0,1.0,1.0,0.7295597484276729,0.7310126582278481,1.0,actor=persistent-critic=persistent
for_real,persistent,persistent,100,4,sawyer_stick_pull,y339j7kv,159.0,1.0,0.6,0.46163522012578617,0.4626582278481013,0.6,actor=persistent-critic=persistent
for_real,persistent,persistent,100,5,sawyer_handle_press_side,kc7f591o,159.0,0.1,0.0,0.006918238993710692,0.006962025316455696,0.0,actor=persistent-critic=persistent
for_real,persistent,persistent,100,6,sawyer_push,ofoy8rdm,159.0,1.0,0.5,0.3861635220125786,0.3870253164556962,0.5,actor=persistent-critic=persistent
for_real,persistent,persistent,100,7,sawyer_shelf_place,f4ak8rb9,159.0,0.8,0.4,0.15283018867924528,0.15253164556962026,0.5,actor=persistent-critic=persistent
for_real,persistent,persistent,101,0,sawyer_hammer,77jkj6eu,159.0,1.0,0.9,0.7522012578616354,0.7528481012658228,0.9,actor=persistent-critic=persistent
for_real,persistent,persistent,101,1,sawyer_push_wall,chz9po1y,159.0,1.0,0.6,0.6194968553459119,0.6215189873417721,0.6,actor=persistent-critic=persistent
for_real,persistent,persistent,101,2,sawyer_faucet_close,00v8a3kk,159.0,1.0,0.2,0.36666666666666664,0.3651898734177215,0.2,actor=persistent-critic=persistent
for_real,persistent,persistent,101,3,sawyer_push_back,ljsofedy,159.0,1.0,1.0,0.679245283018868,0.680379746835443,1.0,actor=persistent-critic=persistent
for_real,persistent,persistent,101,4,sawyer_stick_pull,nbktgn58,159.0,1.0,1.0,0.31698113207547174,0.3158227848101266,1.0,actor=persistent-critic=persistent
for_real,persistent,persistent,101,5,sawyer_handle_press_side,kyhbit5z,159.0,0.2,0.0,0.006918238993710692,0.006962025316455696,0.0,actor=persistent-critic=persistent
for_real,persistent,persistent,101,6,sawyer_push,xhbsmo3w,159.0,1.0,1.0,0.5213836477987421,0.5215189873417722,1.0,actor=persistent-critic=persistent
for_real,persistent,persistent,101,7,sawyer_shelf_place,ppsr7atp,159.0,0.7,0.2,0.0811320754716981,0.0810126582278481,0.28571428571428575,actor=persistent-critic=persistent
for_real,persistent,reset,97,0,sawyer_hammer,azl6bbuv,159.0,1.0,0.7,0.9100628930817609,0.9113924050632911,0.7,actor=persistent-critic=reset
for_real,persistent,reset,97,1,sawyer_push_wall,hopjaz4l,159.0,1.0,0.4,0.46226415094339623,0.46392405063291137,0.4,actor=persistent-critic=reset
for_real,persistent,reset,97,2,sawyer_faucet_close,5uxleo67,159.0,0.9,0.4,0.4075471698113207,0.4079113924050633,0.4444444444444445,actor=persistent-critic=reset
for_real,persistent,reset,97,3,sawyer_push_back,078geply,159.0,1.0,0.0,0.7264150943396226,0.7310126582278481,0.0,actor=persistent-critic=reset
for_real,persistent,reset,97,4,sawyer_stick_pull,68qzxqfd,159.0,1.0,0.9,0.6308176100628932,0.6319620253164557,0.9,actor=persistent-critic=reset
for_real,persistent,reset,97,5,sawyer_handle_press_side,wud8mdu8,159.0,0.3,0.0,0.016352201257861635,0.016455696202531647,0.0,actor=persistent-critic=reset
for_real,persistent,reset,97,6,sawyer_push,ni0oen2c,159.0,1.0,0.5,0.4220125786163523,0.4231012658227848,0.5,actor=persistent-critic=reset
for_real,persistent,reset,97,7,sawyer_shelf_place,wyxaun7b,159.0,1.0,0.2,0.5050314465408806,0.5075949367088608,0.2,actor=persistent-critic=reset
for_real,persistent,reset,97,8,sawyer_window_close,9jxy5u19,159.0,0.5,0.0,0.05849056603773586,0.05727848101265823,0.0,actor=persistent-critic=reset
for_real,persistent,reset,97,9,sawyer_peg_unplug_side,ck4pvyjt,159.0,0.8,0.1,0.2748427672955975,0.2759493670886076,0.125,actor=persistent-critic=reset
for_real,persistent,reset,98,0,sawyer_hammer,0b2864o3,159.0,1.0,0.8,0.8572327044025158,0.8575949367088608,0.8,actor=persistent-critic=reset
for_real,persistent,reset,98,1,sawyer_push_wall,f1i56gn7,159.0,1.0,1.0,0.6226415094339621,0.6234177215189873,1.0,actor=persistent-critic=reset
for_real,persistent,reset,98,2,sawyer_faucet_close,ir02dmvb,159.0,0.8,0.7,0.43647798742138366,0.43449367088607593,0.8749999999999999,actor=persistent-critic=reset
for_real,persistent,reset,98,3,sawyer_push_back,7h844kh9,159.0,1.0,0.9,0.79811320754717,0.8003164556962026,0.9,actor=persistent-critic=reset
for_real,persistent,reset,98,4,sawyer_stick_pull,gk3g26om,159.0,1.0,0.6,0.5943396226415094,0.5962025316455696,0.6,actor=persistent-critic=reset
for_real,persistent,reset,98,5,sawyer_handle_press_side,qrxheol0,159.0,0.3,0.0,0.03018867924528302,0.030063291139240507,0.0,actor=persistent-critic=reset
for_real,persistent,reset,98,6,sawyer_push,eufzi0dp,159.0,1.0,0.4,0.5427672955974842,0.5449367088607595,0.4,actor=persistent-critic=reset
for_real,persistent,reset,98,7,sawyer_shelf_place,54nvcey0,159.0,0.9,0.6,0.12515723270440252,0.1240506329113924,0.6666666666666666,actor=persistent-critic=reset
for_real,persistent,reset,98,8,sawyer_window_close,hcz28ecr,159.0,0.4,0.0,0.03836477987421384,0.03860759493670886,0.0,actor=persistent-critic=reset
for_real,persistent,reset,98,9,sawyer_peg_unplug_side,0337p2e6,159.0,0.8,0.2,0.28490566037735854,0.28607594936708863,0.25,actor=persistent-critic=reset
for_real,persistent,reset,99,0,sawyer_hammer,iliia7zo,159.0,1.0,1.0,0.9176100628930818,0.9177215189873418,1.0,actor=persistent-critic=reset
for_real,persistent,reset,99,1,sawyer_push_wall,th7hcv54,159.0,1.0,0.9,0.6012578616352201,0.6022151898734177,0.9,actor=persistent-critic=reset
for_real,persistent,reset,99,2,sawyer_faucet_close,tfz0ok75,159.0,0.8,0.4,0.3886792452830189,0.3889240506329114,0.5,actor=persistent-critic=reset
for_real,persistent,reset,99,3,sawyer_push_back,lts20wp5,159.0,1.0,1.0,0.8767295597484275,0.8775316455696203,1.0,actor=persistent-critic=reset
for_real,persistent,reset,99,4,sawyer_stick_pull,oek4ze6k,159.0,1.0,0.7,0.5132075471698114,0.5142405063291139,0.7,actor=persistent-critic=reset
for_real,persistent,reset,99,5,sawyer_handle_press_side,e1s7s72e,159.0,0.2,0.0,0.016981132075471698,0.01708860759493671,0.0,actor=persistent-critic=reset
for_real,persistent,reset,99,6,sawyer_push,fdy7hqbt,159.0,1.0,0.5,0.4088050314465409,0.4098101265822785,0.5,actor=persistent-critic=reset
for_real,persistent,reset,99,7,sawyer_shelf_place,phnm94ov,159.0,0.8,0.5,0.1742138364779874,0.17373417721518988,0.625,actor=persistent-critic=reset
for_real,persistent,reset,99,8,sawyer_window_close,cfiyig1b,159.0,0.3,0.0,0.05849056603773586,0.05886075949367089,0.0,actor=persistent-critic=reset
for_real,persistent,reset,99,9,sawyer_peg_unplug_side,0x7vhana,159.0,0.9,0.4,0.32201257861635224,0.3227848101265823,0.4444444444444445,actor=persistent-critic=reset
for_real,persistent,reset,100,0,sawyer_hammer,2ilc22qj,159.0,1.0,0.9,0.9018867924528304,0.9031645569620254,0.9,actor=persistent-critic=reset
for_real,persistent,reset,100,1,sawyer_push_wall,5d54bld8,159.0,1.0,0.8,0.7534591194968554,0.7556962025316456,0.8,actor=persistent-critic=reset
for_real,persistent,reset,100,2,sawyer_faucet_close,2bcn3l9c,159.0,1.0,0.6,0.3924528301886792,0.3930379746835443,0.6,actor=persistent-critic=reset
for_real,persistent,reset,100,3,sawyer_push_back,r1l48277,159.0,1.0,0.9,0.8855345911949686,0.8882911392405063,0.9,actor=persistent-critic=reset
for_real,persistent,reset,100,4,sawyer_stick_pull,4sgzx2e3,159.0,1.0,0.9,0.6408805031446542,0.6420886075949367,0.9,actor=persistent-critic=reset
for_real,persistent,reset,100,5,sawyer_handle_press_side,8wubq0oq,159.0,0.2,0.0,0.016981132075471698,0.016772151898734176,0.0,actor=persistent-critic=reset
for_real,persistent,reset,100,6,sawyer_push,t0xy6hp2,159.0,1.0,0.1,0.4088050314465409,0.41107594936708863,0.1,actor=persistent-critic=reset
for_real,persistent,reset,100,7,sawyer_shelf_place,31shbe6t,159.0,1.0,0.9,0.5748427672955975,0.575632911392405,0.9,actor=persistent-critic=reset
for_real,persistent,reset,101,0,sawyer_hammer,80z25sxi,159.0,1.0,1.0,0.8773584905660379,0.8787974683544304,1.0,actor=persistent-critic=reset
for_real,persistent,reset,101,1,sawyer_push_wall,j1gy6f87,159.0,1.0,0.4,0.4207547169811321,0.4221518987341772,0.4,actor=persistent-critic=reset
for_real,persistent,reset,101,2,sawyer_faucet_close,mvn6yxl7,159.0,0.8,0.5,0.4000000000000001,0.3990506329113924,0.625,actor=persistent-critic=reset
for_real,persistent,reset,101,3,sawyer_push_back,0i8mg896,159.0,1.0,0.6,0.8106918238993709,0.8139240506329114,0.6,actor=persistent-critic=reset
for_real,persistent,reset,101,4,sawyer_stick_pull,i2282tsm,159.0,1.0,0.7,0.520754716981132,0.5208860759493671,0.7,actor=persistent-critic=reset
for_real,persistent,reset,101,5,sawyer_handle_press_side,8wtnc0ek,159.0,0.2,0.0,0.024528301886792454,0.024367088607594938,0.0,actor=persistent-critic=reset
for_real,persistent,reset,101,6,sawyer_push,hqbpqxtr,159.0,1.0,0.2,0.46855345911949686,0.4708860759493671,0.2,actor=persistent-critic=reset
for_real,persistent,reset,101,7,sawyer_shelf_place,u9kj3v0b,159.0,1.0,0.4,0.4031446540880503,0.40443037974683543,0.4,actor=persistent-critic=reset
for_real,reset,cka,97,0,sawyer_hammer,6hftpn0z,159.0,1.0,0.7,0.9050314465408805,0.9066455696202531,0.7,actor=reset-critic=cka
for_real,reset,cka,97,1,sawyer_push_wall,e8i6syig,159.0,1.0,0.8,0.6716981132075471,0.6734177215189874,0.8,actor=reset-critic=cka
for_real,reset,cka,97,2,sawyer_faucet_close,rm88adoa,159.0,0.9,0.5,0.3874213836477987,0.38829113924050634,0.5555555555555556,actor=reset-critic=cka
for_real,reset,cka,97,3,sawyer_push_back,vyypmvq9,159.0,1.0,1.0,0.8364779874213838,0.8386075949367089,1.0,actor=reset-critic=cka
for_real,reset,cka,97,4,sawyer_stick_pull,esfvsliq,159.0,1.0,1.0,0.4534591194968553,0.4531645569620253,1.0,actor=reset-critic=cka
for_real,reset,cka,97,5,sawyer_handle_press_side,b6bdbhiz,159.0,0.2,0.0,0.009433962264150943,0.00949367088607595,0.0,actor=reset-critic=cka
for_real,reset,cka,97,6,sawyer_push,hng5gsmp,159.0,1.0,0.5,0.4018867924528302,0.40284810126582277,0.5,actor=reset-critic=cka
for_real,reset,cka,97,7,sawyer_shelf_place,tcrwygkf,159.0,1.0,0.7,0.46792452830188686,0.46867088607594937,0.7,actor=reset-critic=cka
for_real,reset,cka,97,8,sawyer_window_close,pdc40k1g,159.0,0.5,0.0,0.0792452830188679,0.07911392405063292,0.0,actor=reset-critic=cka
for_real,reset,cka,97,9,sawyer_peg_unplug_side,j2oc0nkj,159.0,0.8,0.3,0.2993710691823899,0.3003164556962025,0.37499999999999994,actor=reset-critic=cka
for_real,reset,cka,98,0,sawyer_hammer,teatxqb3,159.0,1.0,1.0,0.8566037735849056,0.8566455696202532,1.0,actor=reset-critic=cka
for_real,reset,cka,98,1,sawyer_push_wall,hg6rpwsr,159.0,1.0,0.5,0.45849056603773586,0.4598101265822785,0.5,actor=reset-critic=cka
for_real,reset,cka,98,2,sawyer_faucet_close,39iv2aq8,159.0,0.8,0.3,0.41069182389937103,0.41044303797468357,0.37499999999999994,actor=reset-critic=cka
for_real,reset,cka,98,3,sawyer_push_back,flprxo2d,159.0,1.0,1.0,0.7698113207547169,0.7715189873417722,1.0,actor=reset-critic=cka
for_real,reset,cka,98,4,sawyer_stick_pull,bohned26,159.0,1.0,0.8,0.6000000000000001,0.6012658227848101,0.8,actor=reset-critic=cka
for_real,reset,cka,98,5,sawyer_handle_press_side,zefbvtey,159.0,0.2,0.0,0.015094339622641511,0.015189873417721518,0.0,actor=reset-critic=cka
for_real,reset,cka,98,6,sawyer_push,hd0dgl7n,159.0,1.0,0.4,0.4421383647798743,0.4430379746835443,0.4,actor=reset-critic=cka
for_real,reset,cka,98,7,sawyer_shelf_place,j7uu958e,159.0,0.9,0.1,0.49559748427672956,0.49841772151898733,0.11111111111111112,actor=reset-critic=cka
for_real,reset,cka,98,8,sawyer_window_close,bae5b6yf,159.0,0.6,0.0,0.06603773584905659,0.06645569620253164,0.0,actor=reset-critic=cka
for_real,reset,cka,98,9,sawyer_peg_unplug_side,fwup3whe,159.0,0.9,0.2,0.44276729559748423,0.4433544303797468,0.22222222222222224,actor=reset-critic=cka
for_real,reset,cka,99,0,sawyer_hammer,txcjntp9,159.0,1.0,0.8,0.8238993710691824,0.8253164556962025,0.8,actor=reset-critic=cka
for_real,reset,cka,99,1,sawyer_push_wall,zlcdkrz5,159.0,1.0,0.3,0.6509433962264151,0.654113924050633,0.3,actor=reset-critic=cka
for_real,reset,cka,99,2,sawyer_faucet_close,fhyv3tfs,159.0,0.8,0.2,0.37106918238993714,0.37088607594936707,0.25,actor=reset-critic=cka
for_real,reset,cka,99,3,sawyer_push_back,4557cvc5,159.0,1.0,1.0,0.7899371069182388,0.7917721518987342,1.0,actor=reset-critic=cka
for_real,reset,cka,99,4,sawyer_stick_pull,ol59xj2m,159.0,1.0,0.9,0.6238993710691824,0.625,0.9,actor=reset-critic=cka
for_real,reset,cka,99,5,sawyer_handle_press_side,oaeoqoaa,159.0,0.2,0.0,0.006918238993710692,0.006962025316455696,0.0,actor=reset-critic=cka
for_real,reset,cka,99,6,sawyer_push,q41mdirm,159.0,1.0,0.9,0.5314465408805031,0.5319620253164556,0.9,actor=reset-critic=cka
for_real,reset,cka,99,7,sawyer_shelf_place,gdo76kek,159.0,1.0,0.5,0.4805031446540881,0.4819620253164557,0.5,actor=reset-critic=cka
for_real,reset,cka,99,8,sawyer_window_close,cvppdfeo,159.0,0.5,0.0,0.04779874213836478,0.047784810126582276,0.0,actor=reset-critic=cka
for_real,reset,cka,99,9,sawyer_peg_unplug_side,694xjlyg,159.0,1.0,0.0,0.2572327044025158,0.2588607594936709,0.0,actor=reset-critic=cka
for_real,reset,cka,100,0,sawyer_hammer,b1zsij7h,159.0,1.0,0.8,0.8761006289308176,0.8762658227848101,0.8,actor=reset-critic=cka
for_real,reset,cka,100,1,sawyer_push_wall,p0obmgy4,159.0,1.0,0.4,0.5943396226415094,0.5968354430379746,0.4,actor=reset-critic=cka
for_real,reset,cka,100,2,sawyer_faucet_close,f45i18pq,159.0,0.9,0.7,0.38616352201257864,0.385126582278481,0.7777777777777777,actor=reset-critic=cka
for_real,reset,cka,100,3,sawyer_push_back,941fznn0,159.0,1.0,0.8,0.6974842767295598,0.6993670886075949,0.8,actor=reset-critic=cka
for_real,reset,cka,100,4,sawyer_stick_pull,4vl9wrlg,159.0,1.0,0.3,0.5232704402515723,0.5256329113924051,0.3,actor=reset-critic=cka
for_real,reset,cka,100,5,sawyer_handle_press_side,78zc242e,159.0,0.2,0.0,0.009433962264150943,0.00949367088607595,0.0,actor=reset-critic=cka
for_real,reset,cka,100,6,sawyer_push,pwffi8ed,159.0,1.0,0.1,0.4044025157232705,0.4060126582278481,0.1,actor=reset-critic=cka
for_real,reset,cka,100,7,sawyer_shelf_place,u5b41w8z,159.0,1.0,0.2,0.4805031446540881,0.4829113924050633,0.2,actor=reset-critic=cka
for_real,reset,cka,100,8,sawyer_window_close,drr8es34,159.0,0.3,0.0,0.045911949685534595,0.04556962025316456,0.0,actor=reset-critic=cka
for_real,reset,cka,100,9,sawyer_peg_unplug_side,i1hpzayi,159.0,0.9,0.3,0.23836477987421387,0.23860759493670886,0.3333333333333333,actor=reset-critic=cka
for_real,reset,cka,101,0,sawyer_hammer,g7knlqzm,159.0,1.0,0.8,0.9132075471698115,0.9139240506329114,0.8,actor=reset-critic=cka
for_real,reset,cka,101,1,sawyer_push_wall,m6i4oioo,159.0,1.0,0.8,0.6528301886792451,0.6544303797468355,0.8,actor=reset-critic=cka
for_real,reset,cka,101,2,sawyer_faucet_close,doxw0j0g,159.0,0.8,0.7,0.3484276729559749,0.34715189873417723,0.8749999999999999,actor=reset-critic=cka
for_real,reset,cka,101,3,sawyer_push_back,ihopsk5p,159.0,1.0,1.0,0.7427672955974844,0.7443037974683544,1.0,actor=reset-critic=cka
for_real,reset,cka,101,4,sawyer_stick_pull,uzm4opiv,159.0,1.0,1.0,0.35911949685534594,0.3550632911392405,1.0,actor=reset-critic=cka
for_real,reset,cka,101,5,sawyer_handle_press_side,xtnkoqkt,159.0,0.2,0.0,0.0031446540880503146,0.002848101265822785,0.0,actor=reset-critic=cka
for_real,reset,cka,101,6,sawyer_push,z5lkrciw,159.0,1.0,0.1,0.5283018867924528,0.529746835443038,0.1,actor=reset-critic=cka
for_real,reset,cka,101,7,sawyer_shelf_place,k7rz4kdo,159.0,1.0,0.7,0.41886792452830196,0.41930379746835444,0.7,actor=reset-critic=cka
for_real,reset,cka,101,8,sawyer_window_close,6v5f37nq,159.0,0.5,0.0,0.07169811320754717,0.07183544303797468,0.0,actor=reset-critic=cka
for_real,reset,cka,101,9,sawyer_peg_unplug_side,okoxwfy1,159.0,0.9,0.1,0.34779874213836487,0.3487341772151899,0.11111111111111112,actor=reset-critic=cka
for_real,reset,persistent,97,0,sawyer_hammer,uv6ydp32,159.0,1.0,0.8,0.9050314465408807,0.9050632911392406,0.8,actor=reset-critic=persistent
for_real,reset,persistent,97,1,sawyer_push_wall,0e2vkgst,159.0,1.0,0.8,0.7421383647798743,0.7443037974683544,0.8,actor=reset-critic=persistent
for_real,reset,persistent,97,2,sawyer_faucet_close,thtkq3f9,159.0,0.8,0.0,0.34213836477987414,0.34430379746835443,0.0,actor=reset-critic=persistent
for_real,reset,persistent,97,3,sawyer_push_back,g5cwm5wc,159.0,1.0,1.0,0.5710691823899372,0.5715189873417722,1.0,actor=reset-critic=persistent
for_real,reset,persistent,97,4,sawyer_stick_pull,xicfvct4,159.0,1.0,0.9,0.4352201257861634,0.435126582278481,0.9,actor=reset-critic=persistent
for_real,reset,persistent,97,5,sawyer_handle_press_side,1fofh4az,159.0,0.1,0.0,0.002515723270440252,0.002531645569620253,0.0,actor=reset-critic=persistent
for_real,reset,persistent,97,6,sawyer_push,xmittd6z,159.0,1.0,0.7,0.5484276729559748,0.5496835443037975,0.7,actor=reset-critic=persistent
for_real,reset,persistent,97,7,sawyer_shelf_place,az1yhkii,159.0,0.2,0.0,0.00628930817610063,0.006329113924050633,0.0,actor=reset-critic=persistent
for_real,reset,persistent,97,8,sawyer_window_close,7uwnti8e,159.0,0.5,0.0,0.08616352201257861,0.08670886075949367,0.0,actor=reset-critic=persistent
for_real,reset,persistent,97,9,sawyer_peg_unplug_side,qxzq1ewj,159.0,0.7,0.2,0.26540880503144654,0.2664556962025316,0.28571428571428575,actor=reset-critic=persistent
for_real,reset,persistent,98,0,sawyer_hammer,zoclq0e5,159.0,1.0,0.9,0.8345911949685534,0.8363924050632912,0.9,actor=reset-critic=persistent
for_real,reset,persistent,98,1,sawyer_push_wall,1teqthtc,159.0,1.0,0.1,0.4515723270440252,0.4541139240506329,0.1,actor=reset-critic=persistent
for_real,reset,persistent,98,2,sawyer_faucet_close,1xt98hbf,159.0,0.8,0.4,0.3314465408805032,0.33069620253164556,0.5,actor=reset-critic=persistent
for_real,reset,persistent,98,3,sawyer_push_back,53a7pxsl,159.0,1.0,1.0,0.8496855345911951,0.8518987341772152,1.0,actor=reset-critic=persistent
for_real,reset,persistent,98,4,sawyer_stick_pull,hddz8irn,159.0,1.0,1.0,0.6144654088050314,0.6151898734177215,1.0,actor=reset-critic=persistent
for_real,reset,persistent,98,5,sawyer_handle_press_side,cjgr3bl4,159.0,0.1,0.0,0.001886792452830189,0.0018987341772151898,0.0,actor=reset-critic=persistent
for_real,reset,persistent,98,6,sawyer_push,n5kuo7ar,159.0,1.0,0.8,0.4515723270440252,0.4518987341772152,0.8,actor=reset-critic=persistent
for_real,reset,persistent,98,7,sawyer_shelf_place,nj7l8ntw,159.0,0.9,0.8,0.4836477987421384,0.48417721518987344,0.888888888888889,actor=reset-critic=persistent
for_real,reset,persistent,98,8,sawyer_window_close,mlh8zj7a,159.0,0.4,0.0,0.022641509433962266,0.022468354430379745,0.0,actor=reset-critic=persistent
for_real,reset,persistent,98,9,sawyer_peg_unplug_side,uplalnq8,159.0,0.8,0.5,0.26855345911949685,0.26867088607594936,0.625,actor=reset-critic=persistent
for_real,reset,persistent,99,0,sawyer_hammer,43qynea9,159.0,1.0,0.9,0.9421383647798743,0.9420886075949367,0.9,actor=reset-critic=persistent
for_real,reset,persistent,99,1,sawyer_push_wall,c677tce5,159.0,1.0,1.0,0.509433962264151,0.509493670886076,1.0,actor=reset-critic=persistent
for_real,reset,persistent,99,2,sawyer_faucet_close,pll23c30,159.0,0.9,0.4,0.29496855345911943,0.2955696202531646,0.4444444444444445,actor=reset-critic=persistent
for_real,reset,persistent,99,3,sawyer_push_back,0h3odh0d,159.0,1.0,1.0,0.810062893081761,0.8120253164556962,1.0,actor=reset-critic=persistent
for_real,reset,persistent,99,4,sawyer_stick_pull,ypcavuq6,159.0,1.0,0.4,0.5182389937106918,0.520253164556962,0.4,actor=reset-critic=persistent
for_real,reset,persistent,99,5,sawyer_handle_press_side,wijemeam,159.0,0.2,0.0,0.0056603773584905665,0.00569620253164557,0.0,actor=reset-critic=persistent
for_real,reset,persistent,99,6,sawyer_push,5r7uakfa,159.0,1.0,0.2,0.5641509433962264,0.5670886075949367,0.2,actor=reset-critic=persistent
for_real,reset,persistent,99,7,sawyer_shelf_place,zg62yzhg,159.0,0.9,0.4,0.13773584905660377,0.13734177215189874,0.4444444444444445,actor=reset-critic=persistent
for_real,reset,persistent,99,8,sawyer_window_close,wltyfzx4,159.0,0.4,0.0,0.06540880503144653,0.06582278481012659,0.0,actor=reset-critic=persistent
for_real,reset,persistent,99,9,sawyer_peg_unplug_side,onblihdc,159.0,0.5,0.0,0.1660377358490566,0.1670886075949367,0.0,actor=reset-critic=persistent
for_real,reset,persistent,100,0,sawyer_hammer,zxxqg26k,159.0,1.0,0.8,0.8867924528301887,0.8870253164556962,0.8,actor=reset-critic=persistent
for_real,reset,persistent,100,1,sawyer_push_wall,vvzkc05d,159.0,1.0,0.7,0.6232704402515723,0.625,0.7,actor=reset-critic=persistent
for_real,reset,persistent,100,2,sawyer_faucet_close,1o0k1cpq,159.0,0.9,0.8,0.39748427672955966,0.39746835443037976,0.888888888888889,actor=reset-critic=persistent
for_real,reset,persistent,100,3,sawyer_push_back,weewi45r,159.0,1.0,1.0,0.7886792452830189,0.790506329113924,1.0,actor=reset-critic=persistent
for_real,reset,persistent,100,4,sawyer_stick_pull,5pu4fzvg,159.0,1.0,0.1,0.13144654088050317,0.1319620253164557,0.1,actor=reset-critic=persistent
for_real,reset,persistent,100,5,sawyer_handle_press_side,uj2vlaix,159.0,0.1,0.0,0.0031446540880503146,0.0031645569620253164,0.0,actor=reset-critic=persistent
for_real,reset,persistent,100,6,sawyer_push,7y81w3fw,159.0,1.0,0.3,0.2364779874213837,0.2370253164556962,0.3,actor=reset-critic=persistent
for_real,reset,persistent,100,7,sawyer_shelf_place,2fw0k0ca,159.0,0.5,0.0,0.017610062893081764,0.017721518987341773,0.0,actor=reset-critic=persistent
for_real,reset,persistent,101,0,sawyer_hammer,5vvpo07y,159.0,1.0,1.0,0.8855345911949686,0.885759493670886,1.0,actor=reset-critic=persistent
for_real,reset,persistent,101,1,sawyer_push_wall,wubf8khg,159.0,1.0,0.2,0.6270440251572327,0.6303797468354431,0.2,actor=reset-critic=persistent
for_real,reset,persistent,101,2,sawyer_faucet_close,em97icqm,159.0,0.8,0.1,0.27421383647798747,0.2756329113924051,0.125,actor=reset-critic=persistent
for_real,reset,persistent,101,3,sawyer_push_back,4b1z8u5t,159.0,1.0,0.6,0.5886792452830188,0.5905063291139241,0.6,actor=reset-critic=persistent
for_real,reset,persistent,101,4,sawyer_stick_pull,avsiaul3,159.0,1.0,0.8,0.5308176100628931,0.5316455696202531,0.8,actor=reset-critic=persistent
for_real,reset,persistent,101,5,sawyer_handle_press_side,a2zbezvu,159.0,0.1,0.0,0.000628930817610063,0.0006329113924050633,0.0,actor=reset-critic=persistent
for_real,reset,persistent,101,6,sawyer_push,a29imr60,159.0,1.0,0.7,0.5522012578616352,0.5534810126582278,0.7,actor=reset-critic=persistent
for_real,reset,persistent,101,7,sawyer_shelf_place,jrtvg545,159.0,0.9,0.0,0.20251572327044026,0.20379746835443038,0.0,actor=reset-critic=persistent
for_real,reset,reset,97,0,sawyer_hammer,6dx6mzik,159.0,1.0,1.0,0.7786163522012579,0.7787974683544304,1.0,actor=reset-critic=reset
for_real,reset,reset,97,1,sawyer_push_wall,oas4tb35,159.0,1.0,1.0,0.5660377358490566,0.5664556962025317,1.0,actor=reset-critic=reset
for_real,reset,reset,97,2,sawyer_faucet_close,hjq3aqwd,159.0,0.9,0.4,0.35660377358490564,0.3575949367088608,0.4444444444444445,actor=reset-critic=reset
for_real,reset,reset,97,3,sawyer_push_back,bgh82t3q,159.0,1.0,1.0,0.8037735849056604,0.8056962025316455,1.0,actor=reset-critic=reset
for_real,reset,reset,97,4,sawyer_stick_pull,9y2prk7c,159.0,1.0,0.6,0.44339622641509435,0.4443037974683544,0.6,actor=reset-critic=reset
for_real,reset,reset,97,5,sawyer_handle_press_side,1teb4qu1,159.0,0.3,0.0,0.01635220125786164,0.016455696202531647,0.0,actor=reset-critic=reset
for_real,reset,reset,97,6,sawyer_push,nrskw2dw,159.0,1.0,0.7,0.46477987421383654,0.4642405063291139,0.7,actor=reset-critic=reset
for_real,reset,reset,97,7,sawyer_shelf_place,e8b6z9v8,159.0,1.0,0.7,0.49308176100628937,0.4939873417721519,0.7,actor=reset-critic=reset
for_real,reset,reset,97,8,sawyer_window_close,x6ra3nxe,159.0,0.4,0.1,0.06352201257861635,0.06360759493670887,0.25,actor=reset-critic=reset
for_real,reset,reset,97,9,sawyer_peg_unplug_side,sixdl9bc,159.0,0.8,0.4,0.2981132075471698,0.29873417721518986,0.5,actor=reset-critic=reset
for_real,reset,reset,98,0,sawyer_hammer,rfwjovlr,159.0,1.0,0.9,0.9132075471698116,0.9132911392405063,0.9,actor=reset-critic=reset
for_real,reset,reset,98,1,sawyer_push_wall,hz07pxrh,159.0,1.0,0.3,0.47672955974842773,0.4787974683544304,0.3,actor=reset-critic=reset
for_real,reset,reset,98,2,sawyer_faucet_close,rfff8yj4,159.0,1.0,0.2,0.3981132075471698,0.4,0.2,actor=reset-critic=reset
for_real,reset,reset,98,3,sawyer_push_back,503pch8y,159.0,1.0,1.0,0.6540880503144654,0.6550632911392406,1.0,actor=reset-critic=reset
for_real,reset,reset,98,4,sawyer_stick_pull,2lvrao0n,159.0,1.0,1.0,0.5069182389937108,0.5069620253164557,1.0,actor=reset-critic=reset
for_real,reset,reset,98,5,sawyer_handle_press_side,duv34xea,159.0,0.3,0.0,0.028930817610062897,0.02879746835443038,0.0,actor=reset-critic=reset
for_real,reset,reset,98,6,sawyer_push,zk5andhm,159.0,1.0,0.9,0.5930817610062892,0.5939873417721518,0.9,actor=reset-critic=reset
for_real,reset,reset,98,7,sawyer_shelf_place,68gak3jm,159.0,1.0,0.8,0.4037735849056603,0.40379746835443037,0.8,actor=reset-critic=reset
for_real,reset,reset,98,8,sawyer_window_close,zd35xeku,159.0,0.3,0.0,0.03207547169811321,0.032278481012658226,0.0,actor=reset-critic=reset
for_real,reset,reset,98,9,sawyer_peg_unplug_side,04iygs38,159.0,0.9,0.0,0.33899371069182394,0.3411392405063291,0.0,actor=reset-critic=reset
for_real,reset,reset,99,0,sawyer_hammer,o79twep2,159.0,1.0,0.9,0.9220125786163523,0.9237341772151899,0.9,actor=reset-critic=reset
for_real,reset,reset,99,1,sawyer_push_wall,x9r284hp,159.0,1.0,0.0,0.5396226415094341,0.5430379746835443,0.0,actor=reset-critic=reset
for_real,reset,reset,99,2,sawyer_faucet_close,ig77xhoh,159.0,0.8,0.5,0.3830188679245283,0.3838607594936709,0.625,actor=reset-critic=reset
for_real,reset,reset,99,3,sawyer_push_back,wj6z5nz1,159.0,1.0,1.0,0.8044025157232705,0.8063291139240506,1.0,actor=reset-critic=reset
for_real,reset,reset,99,4,sawyer_stick_pull,2xh8vjlz,159.0,1.0,0.6,0.4119496855345912,0.41265822784810124,0.6,actor=reset-critic=reset
for_real,reset,reset,99,5,sawyer_handle_press_side,1wkekemw,159.0,0.3,0.0,0.019496855345911952,0.019620253164556962,0.0,actor=reset-critic=reset
for_real,reset,reset,99,6,sawyer_push,gcdciuf5,159.0,1.0,0.4,0.39119496855345914,0.3924050632911392,0.4,actor=reset-critic=reset
for_real,reset,reset,99,7,sawyer_shelf_place,bs0i99sr,159.0,1.0,0.0,0.4666666666666666,0.46962025316455697,0.0,actor=reset-critic=reset
for_real,reset,reset,99,8,sawyer_window_close,p2aiyhv7,159.0,0.4,0.0,0.06918238993710692,0.06962025316455696,0.0,actor=reset-critic=reset
for_real,reset,reset,99,9,sawyer_peg_unplug_side,f65tztts,159.0,0.8,0.2,0.3547169811320755,0.3560126582278481,0.25,actor=reset-critic=reset
for_real,reset,reset,100,0,sawyer_hammer,257m1axc,159.0,1.0,1.0,0.9119496855345912,0.9120253164556962,1.0,actor=reset-critic=reset
for_real,reset,reset,100,1,sawyer_push_wall,55h2le3l,159.0,1.0,0.5,0.5635220125786163,0.5655063291139241,0.5,actor=reset-critic=reset
for_real,reset,reset,100,2,sawyer_faucet_close,su8wrjte,159.0,0.9,0.7,0.4062893081761007,0.40664556962025317,0.7777777777777777,actor=reset-critic=reset
for_real,reset,reset,100,3,sawyer_push_back,x8qhvj96,159.0,1.0,1.0,0.8540880503144654,0.8563291139240506,1.0,actor=reset-critic=reset
for_real,reset,reset,100,4,sawyer_stick_pull,mmwle4r4,159.0,1.0,0.1,0.4918238993710693,0.494620253164557,0.1,actor=reset-critic=reset
for_real,reset,reset,100,5,sawyer_handle_press_side,nb37m66q,159.0,0.1,0.0,0.016352201257861635,0.016455696202531647,0.0,actor=reset-critic=reset
for_real,reset,reset,100,6,sawyer_push,su8zrqm3,159.0,0.9,0.7,0.2509433962264151,0.25031645569620253,0.7777777777777777,actor=reset-critic=reset
for_real,reset,reset,100,7,sawyer_shelf_place,uc8gw8se,159.0,0.9,0.3,0.349685534591195,0.3509493670886076,0.3333333333333333,actor=reset-critic=reset
for_real,reset,reset,101,0,sawyer_hammer,kjwhzalf,159.0,1.0,0.9,0.8710691823899371,0.8712025316455696,0.9,actor=reset-critic=reset
for_real,reset,reset,101,1,sawyer_push_wall,tfjk6l2u,159.0,1.0,1.0,0.6685534591194969,0.669620253164557,1.0,actor=reset-critic=reset
for_real,reset,reset,101,2,sawyer_faucet_close,zjwqha2f,159.0,1.0,0.3,0.3855345911949686,0.3870253164556962,0.3,actor=reset-critic=reset
for_real,reset,reset,101,3,sawyer_push_back,s2eshcs7,159.0,1.0,1.0,0.8056603773584907,0.8075949367088607,1.0,actor=reset-critic=reset
for_real,reset,reset,101,4,sawyer_stick_pull,wo387ed4,159.0,1.0,0.2,0.5037735849056604,0.5063291139240507,0.2,actor=reset-critic=reset
for_real,reset,reset,101,5,sawyer_handle_press_side,i5t1ldoa,159.0,0.2,0.0,0.030188679245283023,0.030379746835443037,0.0,actor=reset-critic=reset
for_real,reset,reset,101,6,sawyer_push,05tzmjsq,159.0,1.0,0.5,0.45974842767295593,0.4607594936708861,0.5,actor=reset-critic=reset
for_real,reset,reset,101,7,sawyer_shelf_place,i14hify6,159.0,1.0,0.2,0.3421383647798742,0.34367088607594937,0.2,actor=reset-critic=reset
real1,cka,cka,97,0,sawyer_hammer,n1nau63s,159.0,1.0,0.9,0.9044025157232705,0.904746835443038,0.9,actor=cka-critic=cka
real1,cka,cka,97,1,sawyer_push_wall,lwgaxcqf,159.0,1.0,0.6,0.2830188679245283,0.2829113924050633,0.6,actor=cka-critic=cka
real1,cka,cka,97,2,sawyer_faucet_close,x6u47c20,159.0,0.8,0.3,0.34591194968553457,0.3468354430379747,0.37499999999999994,actor=cka-critic=cka
real1,cka,cka,97,3,sawyer_push_back,am72bwu6,159.0,1.0,1.0,0.8264150943396227,0.8284810126582278,1.0,actor=cka-critic=cka
real1,cka,cka,97,4,sawyer_stick_pull,rtlh6qir,159.0,0.9,0.6,0.47421383647798737,0.4753164556962025,0.6666666666666666,actor=cka-critic=cka
real1,cka,cka,97,5,sawyer_handle_press_side,ir1donoa,159.0,0.1,0.0,0.007547169811320756,0.007594936708860759,0.0,actor=cka-critic=cka
real1,cka,cka,97,6,sawyer_push,c6yduorj,159.0,1.0,0.1,0.2459119496855346,0.24715189873417723,0.1,actor=cka-critic=cka
real1,cka,cka,97,7,sawyer_shelf_place,c0dg6k6j,159.0,0.9,0.4,0.27421383647798736,0.2746835443037975,0.4444444444444445,actor=cka-critic=cka
real1,cka,cka,97,8,sawyer_window_close,plve3evp,159.0,0.4,0.0,0.04150943396226415,0.040822784810126585,0.0,actor=cka-critic=cka
real1,cka,cka,97,9,sawyer_peg_unplug_side,o1bp2nos,159.0,0.8,0.3,0.2528301886792453,0.25348101265822787,0.37499999999999994,actor=cka-critic=cka
real1,cka,cka,98,0,sawyer_hammer,0nn9kycu,159.0,1.0,1.0,0.8301886792452832,0.829746835443038,1.0,actor=cka-critic=cka
real1,cka,cka,98,1,sawyer_push_wall,k9cvvstq,159.0,1.0,0.8,0.5433962264150943,0.5443037974683544,0.8,actor=cka-critic=cka
real1,cka,cka,98,2,sawyer_faucet_close,pd5mrzxl,159.0,0.9,0.6,0.39937106918238996,0.39841772151898736,0.6666666666666666,actor=cka-critic=cka
real1,cka,cka,98,3,sawyer_push_back,dasrvu6b,159.0,1.0,0.8,0.7823899371069183,0.7848101265822784,0.8,actor=cka-critic=cka
real1,cka,cka,98,4,sawyer_stick_pull,7ppodft3,159.0,1.0,0.6,0.3081761006289308,0.3082278481012658,0.6,actor=cka-critic=cka
real1,cka,cka,98,5,sawyer_handle_press_side,r998frsb,159.0,0.2,0.0,0.013207547169811321,0.013291139240506329,0.0,actor=cka-critic=cka
real1,cka,cka,98,6,sawyer_push,26rlnhka,159.0,1.0,0.2,0.3572327044025157,0.3585443037974684,0.2,actor=cka-critic=cka
real1,cka,cka,98,7,sawyer_shelf_place,acybprf7,159.0,1.0,0.6,0.48427672955974843,0.4854430379746835,0.6,actor=cka-critic=cka
real1,cka,cka,98,8,sawyer_window_close,w4mrcjfn,159.0,0.4,0.0,0.06855345911949684,0.0689873417721519,0.0,actor=cka-critic=cka
real1,cka,cka,98,9,sawyer_peg_unplug_side,0savsklx,159.0,0.8,0.0,0.29308176100628935,0.2949367088607595,0.0,actor=cka-critic=cka
real1,cka,cka,99,0,sawyer_hammer,ugy4vs4y,159.0,1.0,0.7,0.8509433962264151,0.8515822784810126,0.7,actor=cka-critic=cka
real1,cka,cka,99,1,sawyer_push_wall,8lxw8ne5,159.0,1.0,1.0,0.5616352201257863,0.5620253164556962,1.0,actor=cka-critic=cka
real1,cka,cka,99,2,sawyer_faucet_close,my2pyq08,159.0,0.9,0.6,0.3849056603773585,0.3838607594936709,0.6666666666666666,actor=cka-critic=cka
real1,cka,cka,99,3,sawyer_push_back,4osfo30o,159.0,1.0,0.8,0.7383647798742139,0.740506329113924,0.8,actor=cka-critic=cka
real1,cka,cka,99,4,sawyer_stick_pull,20mcw8z4,159.0,1.0,0.5,0.6138364779874215,0.6161392405063291,0.5,actor=cka-critic=cka
real1,cka,cka,99,5,sawyer_handle_press_side,ngmnlbi4,159.0,0.2,0.0,0.013836477987421384,0.013924050632911392,0.0,actor=cka-critic=cka
real1,cka,cka,99,6,sawyer_push,04trjzbw,159.0,0.8,0.1,0.1849056603773585,0.18575949367088607,0.125,actor=cka-critic=cka
real1,cka,cka,99,7,sawyer_shelf_place,epi0j8cg,159.0,1.0,0.2,0.46037735849056616,0.4626582278481013,0.2,actor=cka-critic=cka
real1,cka,cka,99,8,sawyer_window_close,n4k8f66j,159.0,0.3,0.0,0.037106918238993716,0.03734177215189873,0.0,actor=cka-critic=cka
real1,cka,cka,99,9,sawyer_peg_unplug_side,wtzm853f,159.0,0.7,0.1,0.29056603773584905,0.2920886075949367,0.14285714285714288,actor=cka-critic=cka
real1,cka,cka,100,0,sawyer_hammer,um30ycdr,159.0,1.0,1.0,0.8830188679245283,0.8832278481012659,1.0,actor=cka-critic=cka
real1,cka,cka,101,0,sawyer_hammer,nlsmr7oh,159.0,1.0,0.8,0.8918238993710692,0.8920886075949367,0.8,actor=cka-critic=cka
real1,cka,cka,101,1,sawyer_push_wall,zy816rvz,159.0,1.0,0.1,0.27672955974842767,0.2781645569620253,0.1,actor=cka-critic=cka
real1,cka,cka,101,2,sawyer_faucet_close,i5y7ifcr,159.0,1.0,0.7,0.4314465408805031,0.4287974683544304,0.7,actor=cka-critic=cka
real1,cka,cka,101,3,sawyer_push_back,i55hxa7n,159.0,1.0,0.9,0.7666666666666667,0.7686708860759494,0.9,actor=cka-critic=cka
real1,cka,cka,101,4,sawyer_stick_pull,0h01lh2s,159.0,0.7,0.6,0.2446540880503145,0.24430379746835443,0.8571428571428572,actor=cka-critic=cka
real1,cka,cka,101,5,sawyer_handle_press_side,ka0vta9e,159.0,0.2,0.0,0.008176100628930818,0.008227848101265823,0.0,actor=cka-critic=cka
real1,cka,cka,101,6,sawyer_push,zll0wvi4,159.0,1.0,0.2,0.3182389937106918,0.31962025316455694,0.2,actor=cka-critic=cka
real1,cka,cka,101,7,sawyer_shelf_place,8p8wpqjg,159.0,0.1,0.0,0.006918238993710692,0.006962025316455696,0.0,actor=cka-critic=cka
real1,cka,persistent,97,0,sawyer_hammer,8atoqcye,159.0,1.0,0.9,0.8496855345911949,0.8496835443037974,0.9,actor=cka-critic=persistent
real1,cka,persistent,97,1,sawyer_push_wall,lyrnyaaz,159.0,1.0,0.9,0.6352201257861635,0.6363924050632911,0.9,actor=cka-critic=persistent
real1,cka,persistent,97,2,sawyer_faucet_close,axr207ic,159.0,0.9,0.4,0.34088050314465407,0.34082278481012657,0.4444444444444445,actor=cka-critic=persistent
real1,cka,persistent,97,3,sawyer_push_back,60zj2js0,159.0,1.0,1.0,0.6169811320754717,0.6177215189873417,1.0,actor=cka-critic=persistent
real1,cka,persistent,97,4,sawyer_stick_pull,9cy6fpl4,159.0,1.0,0.6,0.5132075471698113,0.5145569620253164,0.6,actor=cka-critic=persistent
real1,cka,persistent,97,5,sawyer_handle_press_side,5uev40yv,159.0,0.2,0.0,0.010062893081761008,0.009810126582278481,0.0,actor=cka-critic=persistent
real1,cka,persistent,97,6,sawyer_push,cmoqffn6,159.0,1.0,0.2,0.36352201257861644,0.3651898734177215,0.2,actor=cka-critic=persistent
real1,cka,persistent,97,7,sawyer_shelf_place,rvku7qnq,159.0,0.9,0.5,0.15534591194968553,0.15474683544303797,0.5555555555555556,actor=cka-critic=persistent
real1,cka,persistent,97,8,sawyer_window_close,7iy8vhe9,159.0,0.3,0.0,0.03459119496855346,0.03449367088607595,0.0,actor=cka-critic=persistent
real1,cka,persistent,97,9,sawyer_peg_unplug_side,aw9seqgg,159.0,0.7,0.2,0.22327044025157233,0.22373417721518987,0.28571428571428575,actor=cka-critic=persistent
real1,cka,persistent,98,0,sawyer_hammer,76qmbz5o,159.0,1.0,1.0,0.8943396226415096,0.8936708860759494,1.0,actor=cka-critic=persistent
real1,cka,persistent,98,1,sawyer_push_wall,aty65j63,159.0,1.0,0.4,0.6163522012578616,0.6189873417721519,0.4,actor=cka-critic=persistent
real1,cka,persistent,98,2,sawyer_faucet_close,04d6ynxm,159.0,0.8,0.2,0.37232704402515726,0.37151898734177213,0.25,actor=cka-critic=persistent
real1,cka,persistent,98,3,sawyer_push_back,ohxz0wq8,159.0,1.0,0.8,0.5283018867924528,0.529113924050633,0.8,actor=cka-critic=persistent
real1,cka,persistent,98,4,sawyer_stick_pull,314rh7o8,159.0,1.0,0.3,0.511320754716981,0.5136075949367088,0.3,actor=cka-critic=persistent
real1,cka,persistent,98,5,sawyer_handle_press_side,pxznypnt,159.0,0.2,0.0,0.013207547169811321,0.013291139240506329,0.0,actor=cka-critic=persistent
real1,cka,persistent,98,6,sawyer_push,6tnrcgfo,159.0,1.0,0.3,0.4314465408805031,0.4332278481012658,0.3,actor=cka-critic=persistent
real1,cka,persistent,98,7,sawyer_shelf_place,0ycb63ud,159.0,1.0,0.8,0.4823899371069182,0.4829113924050633,0.8,actor=cka-critic=persistent
real1,cka,persistent,98,8,sawyer_window_close,clle5cic,159.0,0.5,0.0,0.0880503144654088,0.08860759493670886,0.0,actor=cka-critic=persistent
real1,cka,persistent,98,9,sawyer_peg_unplug_side,gs13u2nw,159.0,0.8,0.6,0.20691823899371073,0.20632911392405062,0.7499999999999999,actor=cka-critic=persistent
real1,cka,persistent,99,0,sawyer_hammer,e585rnyl,159.0,1.0,1.0,0.8880503144654087,0.8889240506329114,1.0,actor=cka-critic=persistent
real1,cka,persistent,99,1,sawyer_push_wall,g8ksci9x,159.0,1.0,0.7,0.4559748427672956,0.45664556962025316,0.7,actor=cka-critic=persistent
real1,cka,persistent,99,2,sawyer_faucet_close,08z5l2bu,159.0,0.9,0.4,0.3842767295597484,0.38544303797468354,0.4444444444444445,actor=cka-critic=persistent
real1,cka,persistent,99,3,sawyer_push_back,7r8m2k8y,159.0,1.0,1.0,0.6628930817610064,0.6639240506329114,1.0,actor=cka-critic=persistent
real1,cka,persistent,99,4,sawyer_stick_pull,ajxan066,159.0,1.0,0.5,0.28993710691823904,0.28955696202531644,0.5,actor=cka-critic=persistent
real1,cka,persistent,99,5,sawyer_handle_press_side,3rwtwl7r,159.0,0.1,0.0,0.013836477987421384,0.013924050632911392,0.0,actor=cka-critic=persistent
real1,cka,persistent,99,6,sawyer_push,c4aqf1kc,159.0,1.0,0.7,0.37610062893081764,0.37626582278481013,0.7,actor=cka-critic=persistent
real1,cka,persistent,99,7,sawyer_shelf_place,j69dm5vj,159.0,0.3,0.0,0.011320754716981133,0.01139240506329114,0.0,actor=cka-critic=persistent
real1,cka,persistent,99,8,sawyer_window_close,379fjagi,159.0,0.4,0.0,0.04654088050314465,0.04683544303797468,0.0,actor=cka-critic=persistent
real1,cka,persistent,99,9,sawyer_peg_unplug_side,hwzhsyhu,159.0,0.8,0.6,0.2610062893081761,0.2607594936708861,0.7499999999999999,actor=cka-critic=persistent
real1,cka,persistent,100,0,sawyer_hammer,kro2s93j,159.0,1.0,1.0,0.8446540880503145,0.8436708860759494,1.0,actor=cka-critic=persistent
real1,cka,persistent,101,0,sawyer_hammer,i4js3xk3,159.0,1.0,1.0,0.8452830188679246,0.8468354430379746,1.0,actor=cka-critic=persistent
real1,cka,persistent,101,1,sawyer_push_wall,2n9bnvo4,159.0,1.0,0.6,0.48930817610062893,0.49050632911392406,0.6,actor=cka-critic=persistent
real1,cka,persistent,101,2,sawyer_faucet_close,t5k2bdaj,159.0,1.0,0.3,0.29685534591194973,0.294620253164557,0.3,actor=cka-critic=persistent
real1,cka,persistent,101,3,sawyer_push_back,atriwgdc,159.0,1.0,0.9,0.6729559748427673,0.674367088607595,0.9,actor=cka-critic=persistent
real1,cka,persistent,101,4,sawyer_stick_pull,2zaks0dd,159.0,1.0,0.7,0.46540880503144655,0.4661392405063291,0.7,actor=cka-critic=persistent
real1,cka,persistent,101,5,sawyer_handle_press_side,0835xga4,159.0,0.3,0.0,0.013836477987421384,0.013924050632911392,0.0,actor=cka-critic=persistent
real1,cka,persistent,101,6,sawyer_push,euz93lf3,159.0,1.0,0.1,0.4333333333333333,0.43575949367088607,0.1,actor=cka-critic=persistent
real1,cka,persistent,101,7,sawyer_shelf_place,7gvtt784,159.0,0.9,0.3,0.30566037735849055,0.3066455696202532,0.3333333333333333,actor=cka-critic=persistent
real1,cka,persistent,101,8,sawyer_window_close,nz8tptnq,159.0,0.3,0.2,0.04025157232704403,0.039873417721518985,0.6666666666666667,actor=cka-critic=persistent
real1,cka,persistent,101,9,sawyer_peg_unplug_side,4d31w2qa,159.0,0.6,0.2,0.13962264150943393,0.13955696202531645,0.33333333333333337,actor=cka-critic=persistent
real1,cka,reset,97,0,sawyer_hammer,52rol8mn,159.0,1.0,0.9,0.8540880503144654,0.854746835443038,0.9,actor=cka-critic=reset
real1,cka,reset,97,1,sawyer_push_wall,byrf9h4v,159.0,1.0,0.9,0.5509433962264151,0.5515822784810127,0.9,actor=cka-critic=reset
real1,cka,reset,97,2,sawyer_faucet_close,ao6p0vn8,159.0,0.9,0.6,0.44213836477987417,0.44113924050632913,0.6666666666666666,actor=cka-critic=reset
real1,cka,reset,97,3,sawyer_push_back,92dvuzh5,159.0,1.0,0.8,0.708805031446541,0.7107594936708861,0.8,actor=cka-critic=reset
real1,cka,reset,97,4,sawyer_stick_pull,45n3tfi4,159.0,1.0,0.5,0.4729559748427673,0.4743670886075949,0.5,actor=cka-critic=reset
real1,cka,reset,97,5,sawyer_handle_press_side,4q98rot5,159.0,0.3,0.0,0.025157232704402517,0.02531645569620253,0.0,actor=cka-critic=reset
real1,cka,reset,97,6,sawyer_push,fb02i6gg,159.0,1.0,0.3,0.369811320754717,0.3712025316455696,0.3,actor=cka-critic=reset
real1,cka,reset,97,7,sawyer_shelf_place,houotiap,159.0,1.0,0.5,0.35031446540880506,0.3509493670886076,0.5,actor=cka-critic=reset
real1,cka,reset,97,8,sawyer_window_close,5kpr14el,159.0,0.4,0.0,0.06289308176100629,0.0620253164556962,0.0,actor=cka-critic=reset
real1,cka,reset,97,9,sawyer_peg_unplug_side,3zyja17x,159.0,0.7,0.3,0.24591194968553456,0.24620253164556963,0.4285714285714286,actor=cka-critic=reset
real1,cka,reset,98,0,sawyer_hammer,aqwfutyc,159.0,1.0,0.8,0.8515723270440252,0.8512658227848101,0.8,actor=cka-critic=reset
real1,cka,reset,98,1,sawyer_push_wall,400ecu7l,159.0,1.0,0.9,0.48679245283018874,0.4870253164556962,0.9,actor=cka-critic=reset
real1,cka,reset,98,2,sawyer_faucet_close,mhi5cw4p,159.0,0.9,0.6,0.40754716981132083,0.40632911392405063,0.6666666666666666,actor=cka-critic=reset
real1,cka,reset,98,3,sawyer_push_back,7poi0w0d,159.0,1.0,0.5,0.879874213836478,0.8838607594936709,0.5,actor=cka-critic=reset
real1,cka,reset,98,4,sawyer_stick_pull,80w2o93p,159.0,1.0,0.7,0.34465408805031444,0.34462025316455697,0.7,actor=cka-critic=reset
real1,cka,reset,98,5,sawyer_handle_press_side,5ze98ah8,159.0,0.3,0.0,0.018238993710691827,0.018037974683544303,0.0,actor=cka-critic=reset
real1,cka,reset,98,6,sawyer_push,t2u4pttd,159.0,1.0,0.5,0.45723270440251573,0.45664556962025316,0.5,actor=cka-critic=reset
real1,cka,reset,98,7,sawyer_shelf_place,64x7llt2,159.0,1.0,0.9,0.4345911949685534,0.43449367088607593,0.9,actor=cka-critic=reset
real1,cka,reset,98,8,sawyer_window_close,v8horlfd,159.0,0.4,0.0,0.0660377358490566,0.06518987341772152,0.0,actor=cka-critic=reset
real1,cka,reset,98,9,sawyer_peg_unplug_side,fsrrw3vj,159.0,0.9,0.3,0.36729559748427676,0.3677215189873418,0.3333333333333333,actor=cka-critic=reset
real1,cka,reset,99,0,sawyer_hammer,94gv42ei,159.0,1.0,0.9,0.8270440251572329,0.8268987341772152,0.9,actor=cka-critic=reset
real1,cka,reset,99,1,sawyer_push_wall,jec6tpm6,159.0,1.0,0.3,0.5509433962264151,0.5534810126582278,0.3,actor=cka-critic=reset
real1,cka,reset,99,2,sawyer_faucet_close,41krol87,159.0,0.9,0.4,0.4522012578616352,0.4518987341772152,0.4444444444444445,actor=cka-critic=reset
real1,cka,reset,99,3,sawyer_push_back,o82omtu0,159.0,1.0,1.0,0.8176100628930818,0.819620253164557,1.0,actor=cka-critic=reset
real1,cka,reset,99,4,sawyer_stick_pull,21rsntvu,159.0,0.9,0.4,0.45974842767295593,0.46139240506329116,0.4444444444444445,actor=cka-critic=reset
real1,cka,reset,99,5,sawyer_handle_press_side,7ksv0h8n,159.0,0.2,0.0,0.024528301886792454,0.024683544303797468,0.0,actor=cka-critic=reset
real1,cka,reset,99,6,sawyer_push,1e2aie4e,159.0,1.0,0.5,0.2345911949685535,0.23449367088607595,0.5,actor=cka-critic=reset
real1,cka,reset,99,7,sawyer_shelf_place,ggpyijwi,159.0,1.0,0.6,0.4811320754716981,0.48227848101265824,0.6,actor=cka-critic=reset
real1,cka,reset,99,8,sawyer_window_close,7sbhhj43,159.0,0.4,0.0,0.036477987421383654,0.03670886075949367,0.0,actor=cka-critic=reset
real1,cka,reset,99,9,sawyer_peg_unplug_side,gi6i9fkx,159.0,1.0,0.1,0.4220125786163523,0.4243670886075949,0.1,actor=cka-critic=reset
real1,cka,reset,100,0,sawyer_hammer,56aesjo1,159.0,1.0,1.0,0.8176100628930818,0.8164556962025317,1.0,actor=cka-critic=reset
real1,cka,reset,100,1,sawyer_push_wall,hta3zaw6,159.0,1.0,1.0,0.5358490566037735,0.5360759493670886,1.0,actor=cka-critic=reset
real1,cka,reset,100,2,sawyer_faucet_close,1gfbim94,159.0,1.0,0.6,0.3874213836477987,0.3870253164556962,0.6,actor=cka-critic=reset
real1,cka,reset,100,3,sawyer_push_back,qc1kf2f2,159.0,1.0,0.9,0.8044025157232706,0.8066455696202531,0.9,actor=cka-critic=reset
real1,cka,reset,100,4,sawyer_stick_pull,rsk444xt,159.0,1.0,0.4,0.47044025157232705,0.4718354430379747,0.4,actor=cka-critic=reset
real1,cka,reset,100,5,sawyer_handle_press_side,cwsk1h8f,159.0,0.2,0.0,0.03333333333333334,0.03354430379746835,0.0,actor=cka-critic=reset
real1,cka,reset,100,6,sawyer_push,tmu2zhed,159.0,1.0,0.5,0.4672955974842766,0.46835443037974683,0.5,actor=cka-critic=reset
real1,cka,reset,100,7,sawyer_shelf_place,5mhz695z,159.0,0.9,0.3,0.439622641509434,0.44145569620253167,0.3333333333333333,actor=cka-critic=reset
real1,cka,reset,100,8,sawyer_window_close,nnjhebc1,159.0,0.4,0.0,0.052830188679245285,0.053164556962025315,0.0,actor=cka-critic=reset
real1,cka,reset,101,0,sawyer_hammer,g9332571,159.0,1.0,1.0,0.8993710691823901,0.8987341772151899,1.0,actor=cka-critic=reset
real1,cka,reset,101,1,sawyer_push_wall,mzrw5lqx,159.0,1.0,0.5,0.46289308176100624,0.4642405063291139,0.5,actor=cka-critic=reset
real1,cka,reset,101,2,sawyer_faucet_close,bjyr7p7b,159.0,0.9,0.4,0.4742138364779875,0.4740506329113924,0.4444444444444445,actor=cka-critic=reset
real1,cka,reset,101,3,sawyer_push_back,2ywmqcgi,159.0,1.0,1.0,0.8113207547169812,0.8132911392405063,1.0,actor=cka-critic=reset
real1,cka,reset,101,4,sawyer_stick_pull,4uzx2mj2,159.0,1.0,1.0,0.5119496855345912,0.510759493670886,1.0,actor=cka-critic=reset
real1,cka,reset,101,5,sawyer_handle_press_side,bb9ngyok,159.0,0.3,0.0,0.02704402515723271,0.02721518987341772,0.0,actor=cka-critic=reset
real1,cka,reset,101,6,sawyer_push,ka3qqohc,159.0,1.0,0.0,0.41320754716981134,0.4151898734177215,0.0,actor=cka-critic=reset
real1,cka,reset,101,7,sawyer_shelf_place,s2usx324,159.0,1.0,0.2,0.30314465408805036,0.30443037974683546,0.2,actor=cka-critic=reset
real1,cka,reset,101,8,sawyer_window_close,3pigzcf6,159.0,0.4,0.0,0.07547169811320754,0.0759493670886076,0.0,actor=cka-critic=reset
real2,cka,cka,97,0,sawyer_hammer,o8xx7zyo,159.0,1.0,0.8,0.7855345911949685,0.785126582278481,0.8,actor=cka-critic=cka
real2,cka,cka,97,1,sawyer_push_wall,71aljmtc,159.0,1.0,0.7,0.5169811320754716,0.5180379746835443,0.7,actor=cka-critic=cka
real2,cka,cka,97,2,sawyer_faucet_close,5rs21xko,159.0,0.8,0.5,0.2792452830188679,0.27784810126582277,0.625,actor=cka-critic=cka
real2,cka,cka,97,3,sawyer_push_back,fuo2seg0,159.0,1.0,0.5,0.7496855345911949,0.7528481012658228,0.5,actor=cka-critic=cka
real2,cka,cka,97,4,sawyer_stick_pull,4z04x6lh,159.0,1.0,0.9,0.46037735849056605,0.46044303797468356,0.9,actor=cka-critic=cka
real2,cka,cka,97,5,sawyer_handle_press_side,b5izs2ee,159.0,0.1,0.0,0.0056603773584905665,0.00569620253164557,0.0,actor=cka-critic=cka
real2,cka,cka,97,6,sawyer_push,jz3ayjiw,159.0,1.0,0.5,0.4836477987421384,0.48481012658227846,0.5,actor=cka-critic=cka
real2,cka,cka,97,7,sawyer_shelf_place,4wi8y4kr,159.0,0.0,0.0,0.0,0.0,0.0,actor=cka-critic=cka
real2,cka,cka,97,8,sawyer_window_close,dceeipaj,159.0,0.5,0.1,0.08993710691823897,0.09018987341772151,0.2,actor=cka-critic=cka
real2,cka,cka,97,9,sawyer_peg_unplug_side,oj7ucpij,159.0,0.7,0.1,0.24276729559748428,0.2439873417721519,0.14285714285714288,actor=cka-critic=cka
real2,cka,cka,98,0,sawyer_hammer,3h9x0di1,159.0,1.0,0.8,0.8823899371069182,0.8835443037974684,0.8,actor=cka-critic=cka
real2,cka,cka,98,1,sawyer_push_wall,9mllbr8t,159.0,1.0,0.8,0.4528301886792453,0.4531645569620253,0.8,actor=cka-critic=cka
real2,cka,cka,98,2,sawyer_faucet_close,0vs3sqco,159.0,0.7,0.4,0.3333333333333333,0.33259493670886076,0.5714285714285715,actor=cka-critic=cka
real2,cka,cka,98,3,sawyer_push_back,fxgfz2uo,159.0,1.0,0.7,0.7698113207547171,0.7724683544303798,0.7,actor=cka-critic=cka
real2,cka,cka,98,4,sawyer_stick_pull,7mww8dqf,159.0,1.0,0.7,0.46729559748427674,0.4680379746835443,0.7,actor=cka-critic=cka
real2,cka,cka,98,5,sawyer_handle_press_side,20bpeeq7,159.0,0.1,0.0,0.006289308176100629,0.006329113924050633,0.0,actor=cka-critic=cka
real2,cka,cka,98,6,sawyer_push,940h9m4p,159.0,1.0,0.5,0.4490566037735849,0.45031645569620254,0.5,actor=cka-critic=cka
real2,cka,cka,98,7,sawyer_shelf_place,ml2ofnfm,159.0,0.9,0.6,0.1308176100628931,0.12974683544303797,0.6666666666666666,actor=cka-critic=cka
real2,cka,cka,98,8,sawyer_window_close,5b9ct1db,159.0,0.4,0.0,0.050314465408805034,0.05063291139240506,0.0,actor=cka-critic=cka
real2,cka,cka,98,9,sawyer_peg_unplug_side,6as9rbl3,159.0,1.0,0.1,0.3119496855345912,0.31360759493670887,0.1,actor=cka-critic=cka
real2,cka,cka,99,0,sawyer_hammer,cj7yl1kk,159.0,1.0,0.8,0.7295597484276729,0.729746835443038,0.8,actor=cka-critic=cka
real2,cka,cka,99,1,sawyer_push_wall,dt0l5wzv,159.0,1.0,0.8,0.3389937106918239,0.33860759493670883,0.8,actor=cka-critic=cka
real2,cka,cka,99,2,sawyer_faucet_close,8ncxk0o1,159.0,0.9,0.4,0.3981132075471698,0.3977848101265823,0.4444444444444445,actor=cka-critic=cka
real2,cka,cka,99,3,sawyer_push_back,cg1luwnt,159.0,1.0,0.7,0.6283018867924529,0.6300632911392405,0.7,actor=cka-critic=cka
real2,cka,cka,99,4,sawyer_stick_pull,qya53ckg,159.0,1.0,0.9,0.5955974842767295,0.5965189873417721,0.9,actor=cka-critic=cka
real2,cka,cka,99,5,sawyer_handle_press_side,5nefq3dq,159.0,0.1,0.0,0.011949685534591194,0.012025316455696202,0.0,actor=cka-critic=cka
real2,cka,cka,99,6,sawyer_push,5pd5wxvk,159.0,1.0,0.1,0.3849056603773585,0.3870253164556962,0.1,actor=cka-critic=cka
real2,cka,cka,99,7,sawyer_shelf_place,2y41w3e6,159.0,0.9,0.3,0.41383647798742135,0.41550632911392404,0.3333333333333333,actor=cka-critic=cka
real2,cka,cka,99,8,sawyer_window_close,8rgffwdh,159.0,0.6,0.1,0.08553459119496853,0.08575949367088608,0.16666666666666669,actor=cka-critic=cka
real2,cka,cka,99,9,sawyer_peg_unplug_side,0r883dy1,159.0,0.7,0.1,0.20691823899371073,0.20759493670886076,0.14285714285714288,actor=cka-critic=cka
real2,cka,cka,100,0,sawyer_hammer,rsiolcq7,159.0,1.0,1.0,0.830817610062893,0.8300632911392405,1.0,actor=cka-critic=cka
real2,cka,cka,101,0,sawyer_hammer,rmt345ky,159.0,1.0,1.0,0.8459119496855346,0.8462025316455696,1.0,actor=cka-critic=cka
real2,cka,cka,101,1,sawyer_push_wall,ovmhyvca,159.0,1.0,0.6,0.43018867924528303,0.4310126582278481,0.6,actor=cka-critic=cka
real2,cka,cka,101,2,sawyer_faucet_close,kh683yup,159.0,0.8,0.4,0.2723270440251572,0.2727848101265823,0.5,actor=cka-critic=cka
real2,cka,cka,101,3,sawyer_push_back,c8kgd2r4,159.0,1.0,0.7,0.6264150943396228,0.6281645569620253,0.7,actor=cka-critic=cka
real2,cka,cka,101,4,sawyer_stick_pull,6ee2uljj,159.0,0.8,0.2,0.2842767295597484,0.28544303797468357,0.25,actor=cka-critic=cka
real2,cka,cka,101,5,sawyer_handle_press_side,unfsvjha,159.0,0.1,0.0,0.003773584905660378,0.0037974683544303796,0.0,actor=cka-critic=cka
real2,cka,cka,101,6,sawyer_push,xp8w8s0u,159.0,1.0,0.8,0.5572327044025157,0.5582278481012658,0.8,actor=cka-critic=cka
real2,cka,cka,101,7,sawyer_shelf_place,42hnxyyd,159.0,0.2,0.0,0.002515723270440252,0.002531645569620253,0.0,actor=cka-critic=cka
real2,cka,persistent,97,0,sawyer_hammer,410nnaw2,159.0,1.0,1.0,0.7383647798742138,0.7382911392405064,1.0,actor=cka-critic=persistent
real2,cka,persistent,97,1,sawyer_push_wall,0t8osppv,159.0,1.0,0.3,0.42389937106918235,0.42563291139240506,0.3,actor=cka-critic=persistent
real2,cka,persistent,97,2,sawyer_faucet_close,pf6sqf1g,159.0,0.8,0.6,0.3654088050314465,0.3658227848101266,0.7499999999999999,actor=cka-critic=persistent
real2,cka,persistent,97,3,sawyer_push_back,pwkd6h9l,159.0,1.0,0.9,0.7220125786163522,0.7237341772151898,0.9,actor=cka-critic=persistent
real2,cka,persistent,97,4,sawyer_stick_pull,1jgfsa9v,159.0,1.0,0.6,0.5182389937106918,0.519620253164557,0.6,actor=cka-critic=persistent
real2,cka,persistent,97,5,sawyer_handle_press_side,qidaggnz,159.0,0.1,0.0,0.0031446540880503146,0.0031645569620253164,0.0,actor=cka-critic=persistent
real2,cka,persistent,97,6,sawyer_push,o94dvwwy,159.0,1.0,0.3,0.6522012578616352,0.6553797468354431,0.3,actor=cka-critic=persistent
real2,cka,persistent,97,7,sawyer_shelf_place,wkdl0ig8,159.0,0.0,0.0,0.0,0.0,0.0,actor=cka-critic=persistent
real2,cka,persistent,97,8,sawyer_window_close,zjm2vy8j,159.0,0.4,0.0,0.009433962264150943,0.00949367088607595,0.0,actor=cka-critic=persistent
real2,cka,persistent,97,9,sawyer_peg_unplug_side,lc29e8tf,159.0,0.6,0.3,0.1748427672955975,0.175,0.5,actor=cka-critic=persistent
real2,cka,persistent,98,0,sawyer_hammer,gpxdi1gv,159.0,1.0,0.8,0.7647798742138364,0.765506329113924,0.8,actor=cka-critic=persistent
real2,cka,persistent,98,1,sawyer_push_wall,bea5l086,159.0,1.0,0.9,0.5943396226415094,0.595253164556962,0.9,actor=cka-critic=persistent
real2,cka,persistent,98,2,sawyer_faucet_close,bidhkpck,159.0,0.9,0.2,0.4031446540880503,0.40284810126582277,0.22222222222222224,actor=cka-critic=persistent
real2,cka,persistent,98,3,sawyer_push_back,ilib5747,159.0,1.0,0.8,0.6452830188679245,0.6468354430379747,0.8,actor=cka-critic=persistent
real2,cka,persistent,98,4,sawyer_stick_pull,03khdqjf,159.0,1.0,0.8,0.6037735849056604,0.6050632911392405,0.8,actor=cka-critic=persistent
real2,cka,persistent,98,5,sawyer_handle_press_side,vott8ze1,159.0,0.1,0.0,0.006289308176100629,0.006329113924050633,0.0,actor=cka-critic=persistent
real2,cka,persistent,98,6,sawyer_push,g3szag11,159.0,0.9,0.0,0.14905660377358496,0.15,0.0,actor=cka-critic=persistent
real2,cka,persistent,98,7,sawyer_shelf_place,vdhkwg79,159.0,0.0,0.0,0.0,0.0,0.0,actor=cka-critic=persistent
real2,cka,persistent,98,8,sawyer_window_close,dpavpwnm,159.0,0.5,0.0,0.015723270440251572,0.015822784810126583,0.0,actor=cka-critic=persistent
real2,cka,persistent,98,9,sawyer_peg_unplug_side,bj8082c4,159.0,0.7,0.4,0.16729559748427672,0.1670886075949367,0.5714285714285715,actor=cka-critic=persistent
real2,cka,persistent,99,0,sawyer_hammer,e1jawjix,159.0,1.0,1.0,0.8955974842767295,0.8981012658227848,1.0,actor=cka-critic=persistent
real2,cka,persistent,99,1,sawyer_push_wall,2gwhnpx4,159.0,1.0,0.8,0.37798742138364777,0.3778481012658228,0.8,actor=cka-critic=persistent
real2,cka,persistent,99,2,sawyer_faucet_close,ya2efshj,159.0,0.8,0.5,0.3981132075471698,0.3990506329113924,0.625,actor=cka-critic=persistent
real2,cka,persistent,99,3,sawyer_push_back,86nqp9fo,159.0,1.0,0.5,0.7622641509433963,0.765506329113924,0.5,actor=cka-critic=persistent
real2,cka,persistent,99,4,sawyer_stick_pull,iegip15u,159.0,1.0,0.7,0.39245283018867927,0.39272151898734176,0.7,actor=cka-critic=persistent
real2,cka,persistent,99,5,sawyer_handle_press_side,g3kbjecs,159.0,0.1,0.0,0.008176100628930818,0.008227848101265823,0.0,actor=cka-critic=persistent
real2,cka,persistent,99,6,sawyer_push,tafejz1z,159.0,1.0,0.9,0.4075471698113207,0.40727848101265823,0.9,actor=cka-critic=persistent
real2,cka,persistent,99,7,sawyer_shelf_place,7jdk8t0y,159.0,0.0,0.0,0.0,0.0,0.0,actor=cka-critic=persistent
real2,cka,persistent,99,8,sawyer_window_close,1nx90w47,159.0,0.3,0.1,0.02704402515723271,0.02689873417721519,0.33333333333333337,actor=cka-critic=persistent
real2,cka,persistent,99,9,sawyer_peg_unplug_side,ukn8pvob,159.0,0.9,0.0,0.3276729559748428,0.32974683544303796,0.0,actor=cka-critic=persistent
real2,cka,persistent,100,0,sawyer_hammer,x785leby,159.0,1.0,1.0,0.9220125786163523,0.9227848101265823,1.0,actor=cka-critic=persistent
real2,cka,persistent,101,0,sawyer_hammer,49etdadh,159.0,1.0,1.0,0.9069182389937106,0.9069620253164556,1.0,actor=cka-critic=persistent
real2,cka,persistent,101,1,sawyer_push_wall,blc1sy8o,159.0,1.0,1.0,0.690566037735849,0.6917721518987342,1.0,actor=cka-critic=persistent
real2,cka,persistent,101,2,sawyer_faucet_close,p71acku2,159.0,0.9,0.6,0.3716981132075472,0.37056962025316453,0.6666666666666666,actor=cka-critic=persistent
real2,cka,persistent,101,3,sawyer_push_back,e7ff3il1,159.0,1.0,0.8,0.6842767295597483,0.6860759493670886,0.8,actor=cka-critic=persistent
real2,cka,persistent,101,4,sawyer_stick_pull,5ibnw2z8,159.0,1.0,0.5,0.4371069182389938,0.43829113924050633,0.5,actor=cka-critic=persistent
real2,cka,persistent,101,5,sawyer_handle_press_side,cv9950e7,159.0,0.2,0.0,0.007547169811320756,0.007594936708860759,0.0,actor=cka-critic=persistent
real2,cka,persistent,101,6,sawyer_push,6lbyjywk,159.0,1.0,1.0,0.5691823899371069,0.569620253164557,1.0,actor=cka-critic=persistent
real2,cka,persistent,101,7,sawyer_shelf_place,tjcbwfhi,159.0,0.2,0.0,0.010062893081761008,0.010126582278481013,0.0,actor=cka-critic=persistent
real2,cka,reset,97,0,sawyer_hammer,0ib171qp,159.0,1.0,1.0,0.9094339622641511,0.9104430379746835,1.0,actor=cka-critic=reset
real2,cka,reset,97,1,sawyer_push_wall,hpsb9045,159.0,1.0,0.2,0.3710691823899371,0.37278481012658227,0.2,actor=cka-critic=reset
real2,cka,reset,97,2,sawyer_faucet_close,2e9p9uqs,159.0,0.8,0.3,0.4471698113207547,0.4471518987341772,0.37499999999999994,actor=cka-critic=reset
real2,cka,reset,97,3,sawyer_push_back,7st3yf1h,159.0,1.0,0.5,0.7522012578616353,0.7553797468354431,0.5,actor=cka-critic=reset
real2,cka,reset,97,4,sawyer_stick_pull,zhepyqre,159.0,1.0,0.2,0.5955974842767296,0.5987341772151898,0.2,actor=cka-critic=reset
real2,cka,reset,97,5,sawyer_handle_press_side,yjdsfebf,159.0,0.2,0.0,0.017610062893081764,0.017721518987341773,0.0,actor=cka-critic=reset
real2,cka,reset,97,6,sawyer_push,6ti0s1pd,159.0,1.0,0.4,0.4283018867924528,0.429746835443038,0.4,actor=cka-critic=reset
real2,cka,reset,97,7,sawyer_shelf_place,5n268e2i,159.0,1.0,0.5,0.4289308176100629,0.4300632911392405,0.5,actor=cka-critic=reset
real2,cka,reset,97,8,sawyer_window_close,2xyl27er,159.0,0.4,0.0,0.02704402515723271,0.02721518987341772,0.0,actor=cka-critic=reset
real2,cka,reset,97,9,sawyer_peg_unplug_side,91rzgrig,159.0,0.8,0.2,0.27421383647798736,0.27531645569620256,0.25,actor=cka-critic=reset
real2,cka,reset,98,0,sawyer_hammer,25yr5l7d,159.0,1.0,0.7,0.7314465408805032,0.7306962025316456,0.7,actor=cka-critic=reset
real2,cka,reset,98,1,sawyer_push_wall,capyi3un,159.0,1.0,1.0,0.7283018867924529,0.729746835443038,1.0,actor=cka-critic=reset
real2,cka,reset,98,2,sawyer_faucet_close,w4h02ar3,159.0,0.9,0.6,0.3842767295597484,0.3848101265822785,0.6666666666666666,actor=cka-critic=reset
real2,cka,reset,98,3,sawyer_push_back,ylqyvnmd,159.0,1.0,1.0,0.8553459119496856,0.8575949367088608,1.0,actor=cka-critic=reset
real2,cka,reset,98,4,sawyer_stick_pull,lttm1cv6,159.0,1.0,0.8,0.6358490566037736,0.6354430379746835,0.8,actor=cka-critic=reset
real2,cka,reset,98,5,sawyer_handle_press_side,0njze76a,159.0,0.3,0.0,0.02704402515723271,0.02721518987341772,0.0,actor=cka-critic=reset
real2,cka,reset,98,6,sawyer_push,5fklzvsk,159.0,1.0,0.4,0.45094339622641505,0.4525316455696203,0.4,actor=cka-critic=reset
real2,cka,reset,98,7,sawyer_shelf_place,oqhqfnxx,159.0,0.8,0.8,0.08553459119496855,0.08354430379746836,1.0,actor=cka-critic=reset
real2,cka,reset,98,8,sawyer_window_close,wjwyoxhq,159.0,0.4,0.0,0.02704402515723271,0.02721518987341772,0.0,actor=cka-critic=reset
real2,cka,reset,98,9,sawyer_peg_unplug_side,8cvjc0a9,159.0,0.8,0.0,0.23333333333333334,0.23449367088607595,0.0,actor=cka-critic=reset
real2,cka,reset,99,0,sawyer_hammer,vi3g8pce,159.0,1.0,0.9,0.7905660377358492,0.7911392405063291,0.9,actor=cka-critic=reset
real2,cka,reset,99,1,sawyer_push_wall,a9g40sxv,159.0,1.0,0.5,0.49496855345911944,0.49651898734177213,0.5,actor=cka-critic=reset
real2,cka,reset,99,2,sawyer_faucet_close,9baisy54,159.0,0.9,0.5,0.4729559748427673,0.47341772151898737,0.5555555555555556,actor=cka-critic=reset
real2,cka,reset,99,3,sawyer_push_back,6o2xr6tz,159.0,1.0,1.0,0.7981132075471699,0.8,1.0,actor=cka-critic=reset
real2,cka,reset,99,4,sawyer_stick_pull,mhbx08vw,159.0,1.0,0.6,0.6081761006289308,0.610126582278481,0.6,actor=cka-critic=reset
real2,cka,reset,99,5,sawyer_handle_press_side,px0bna89,159.0,0.3,0.0,0.030817610062893085,0.0310126582278481,0.0,actor=cka-critic=reset
real2,cka,reset,99,6,sawyer_push,d1tzgacn,159.0,1.0,0.7,0.4559748427672956,0.4563291139240506,0.7,actor=cka-critic=reset
real2,cka,reset,99,7,sawyer_shelf_place,ij909wlc,159.0,0.0,0.0,0.0,0.0,0.0,actor=cka-critic=reset
real2,cka,reset,99,8,sawyer_window_close,read6jhq,159.0,0.5,0.0,0.06289308176100629,0.061708860759493674,0.0,actor=cka-critic=reset
real2,cka,reset,99,9,sawyer_peg_unplug_side,16rvj528,159.0,1.0,0.2,0.2830188679245283,0.2838607594936709,0.2,actor=cka-critic=reset
real2,cka,reset,100,0,sawyer_hammer,t9bofcdu,159.0,1.0,0.9,0.8559748427672957,0.8572784810126582,0.9,actor=cka-critic=reset
real2,cka,reset,101,0,sawyer_hammer,mgupjfn2,159.0,1.0,0.8,0.8371069182389936,0.8370253164556962,0.8,actor=cka-critic=reset
real2,cka,reset,101,1,sawyer_push_wall,o2mjl3cg,159.0,1.0,1.0,0.5352201257861635,0.5354430379746835,1.0,actor=cka-critic=reset
real2,cka,reset,101,2,sawyer_faucet_close,xiy4516u,159.0,0.9,0.5,0.45220125786163523,0.4506329113924051,0.5555555555555556,actor=cka-critic=reset
real2,cka,reset,101,3,sawyer_push_back,362v39l2,159.0,1.0,1.0,0.8069182389937107,0.8088607594936709,1.0,actor=cka-critic=reset
real2,cka,reset,101,4,sawyer_stick_pull,ywbl8irc,159.0,1.0,0.8,0.550314465408805,0.5512658227848102,0.8,actor=cka-critic=reset
real2,cka,reset,101,5,sawyer_handle_press_side,ksaogwx9,159.0,0.2,0.0,0.0220125786163522,0.021835443037974682,0.0,actor=cka-critic=reset
real2,cka,reset,101,6,sawyer_push,vmbn441c,159.0,1.0,0.4,0.5037735849056604,0.5056962025316456,0.4,actor=cka-critic=reset
real2,cka,reset,101,7,sawyer_shelf_place,gqutkiap,159.0,1.0,0.8,0.4088050314465409,0.4088607594936709,0.8,actor=cka-critic=reset
