dir,run_id,started,program,alg_name,env_name,task_id,seed,actor_mode,critic_mode,step_penalty_reward,network_width,num_tasks,steps_per_task,eval_success,eval_mean_success,actor_success,wandb_bytes,has_history_csv,cloud,host,state
run-20260419_095636-42k2z76y,42k2z76y,20260419_095636,run_continual_contrastive.py,contrastive_cpc,sawyer_hammer,0,42,cka,persistent,,256,10,,0.5,,1.0,199475,False,,gl004.hpc.nyu.edu,running
run-20260428_144339-1w0j9ec3,1w0j9ec3,20260428_144339,run_continual_sac.py,sac_her,sawyer_hammer,0,2,reset,reset,,256,1,8000000,,,,10010,False,,gl051.hpc.nyu.edu,running
run-20260428_144339-r3vcn293,r3vcn293,20260428_144339,run_continual_sac.py,sac_her,sawyer_hammer,0,1,reset,reset,,256,1,8000000,,,,10087,False,,gl051.hpc.nyu.edu,running
run-20260428_144339-zaixsxy4,zaixsxy4,20260428_144339,run_continual_sac.py,sac_her,sawyer_hammer,0,3,reset,reset,,256,1,8000000,,,,9894,False,,gl051.hpc.nyu.edu,running
run-20260428_144603-posvxohv,posvxohv,20260428_144603,run_continual_sac.py,sac_her,sawyer_hammer,0,3,persistent,persistent,,256,1,8000000,,,,13932,False,,gl051.hpc.nyu.edu,running
run-20260428_144603-uwskjk3s,uwskjk3s,20260428_144603,run_continual_sac.py,sac_her,sawyer_hammer,0,1,persistent,persistent,,256,1,8000000,,,,13984,False,,gl051.hpc.nyu.edu,running
run-20260428_144603-x1reo30l,x1reo30l,20260428_144603,run_continual_sac.py,sac_her,sawyer_hammer,0,2,persistent,persistent,,256,1,8000000,,,,13874,False,,gl051.hpc.nyu.edu,running
run-20260428_184847-mvx64d5e,mvx64d5e,20260428_184847,run_continual_sac.py,sac_her,sawyer_hammer,0,42,cka,persistent,,256,10,,1.0,,1.0,595731,False,,gl068.hpc.nyu.edu,running
run-20260429_101949-fp5gn7lc,fp5gn7lc,20260429_101949,run_continual_sac.py,sac_her,sawyer_hammer,0,1,reset,reset,,256,2,8000000,0.8,0.5,1.0,6991279,False,d_konoki/continual_sac/fp5gn7lc,gl011.hpc.nyu.edu,running
run-20260429_101949-lp1t72iv,lp1t72iv,20260429_101949,run_continual_sac.py,sac_her,sawyer_hammer,0,3,reset,reset,,256,2,8000000,1.0,0.4,0.0,6978731,False,d_konoki/continual_sac/lp1t72iv,gl011.hpc.nyu.edu,running
run-20260429_101949-ogy0nhuh,ogy0nhuh,20260429_101949,run_continual_sac.py,sac_her,sawyer_hammer,0,2,reset,reset,,256,2,8000000,0.0,0.0,0.0,6979258,False,d_konoki/continual_sac/ogy0nhuh,gl011.hpc.nyu.edu,running
run-20260429_101952-uxqjup3j,uxqjup3j,20260429_101952,run_continual_sac.py,sac_her,sawyer_hammer,0,1,persistent,persistent,,256,2,8000000,0.3,0.4,1.0,7058315,False,d_konoki/continual_sac/uxqjup3j,gl023.hpc.nyu.edu,running
run-20260429_101954-pykizvk1,pykizvk1,20260429_101954,run_continual_sac.py,sac_her,sawyer_hammer,0,3,persistent,persistent,,256,2,8000000,0.0,0.0,0.0,7043919,False,d_konoki/continual_sac/pykizvk1,gl023.hpc.nyu.edu,running
run-20260429_102012-eglpxy4s,eglpxy4s,20260429_102012,run_continual_sac.py,sac_her,sawyer_hammer,0,2,persistent,persistent,,256,2,8000000,0.0,0.0,0.0,7050144,False,d_konoki/continual_sac/eglpxy4s,gl023.hpc.nyu.edu,running
run-20260429_135819-iddq034q,iddq034q,20260429_135819,run_continual_sac.py,sac_her,sawyer_push_wall,1,3,reset,reset,,256,2,8000000,0.0,0.0,0.0,6646260,False,d_konoki/continual_sac/iddq034q,gl011.hpc.nyu.edu,running
run-20260429_135823-pa9q2qbi,pa9q2qbi,20260429_135823,run_continual_sac.py,sac_her,sawyer_push_wall,1,2,reset,reset,,256,2,8000000,0.0,0.5,0.0,6651810,False,d_konoki/continual_sac/pa9q2qbi,gl011.hpc.nyu.edu,running
run-20260429_135839-yvho22b3,yvho22b3,20260429_135839,run_continual_sac.py,sac_her,sawyer_push_wall,1,1,reset,reset,,256,2,8000000,0.0,0.0,0.0,6652871,False,d_konoki/continual_sac/yvho22b3,gl011.hpc.nyu.edu,running
run-20260429_140055-c2xrtbcn,c2xrtbcn,20260429_140055,run_continual_sac.py,sac_her,sawyer_push_wall,1,3,persistent,persistent,,256,2,8000000,0.0,0.0,0.0,6528367,False,d_konoki/continual_sac/c2xrtbcn,gl023.hpc.nyu.edu,running
run-20260429_140106-iwcbt95e,iwcbt95e,20260429_140106,run_continual_sac.py,sac_her,sawyer_push_wall,1,2,persistent,persistent,,256,2,8000000,0.0,0.5,0.0,6525722,False,d_konoki/continual_sac/iwcbt95e,gl023.hpc.nyu.edu,running
run-20260429_140114-9f8jlez3,9f8jlez3,20260429_140114,run_continual_sac.py,sac_her,sawyer_push_wall,1,1,persistent,persistent,,256,2,8000000,0.0,0.0,0.0,6529849,False,d_konoki/continual_sac/9f8jlez3,gl023.hpc.nyu.edu,running
run-20260429_210809-8ppz08c1,8ppz08c1,20260429_210809,run_continual_sac.py,sac_her,sawyer_faucet_close,2,2,reset,reset,,256,10,8000000,0.0,0.19999999999999998,0.0,8720911,False,d_konoki/continual_sac/8ppz08c1,gl027.hpc.nyu.edu,running
run-20260429_210809-cbnrbn5j,cbnrbn5j,20260429_210809,run_continual_sac.py,sac_her,sawyer_faucet_close,2,3,reset,reset,,256,10,8000000,0.0,0.09999999999999999,1.0,8708038,False,d_konoki/continual_sac/cbnrbn5j,gl027.hpc.nyu.edu,running
run-20260429_210809-gys84tfu,gys84tfu,20260429_210809,run_continual_sac.py,sac_her,sawyer_faucet_close,2,1,reset,reset,,256,10,8000000,0.6,0.16666666666666666,1.0,8735201,False,d_konoki/continual_sac/gys84tfu,gl027.hpc.nyu.edu,running
run-20260429_210809-hg2dk8ik,hg2dk8ik,20260429_210809,run_continual_sac.py,sac_her,sawyer_faucet_close,2,1,persistent,persistent,,256,10,8000000,0.4,0.0,0.0,6465326,False,d_konoki/continual_sac/hg2dk8ik,gl027.hpc.nyu.edu,running
run-20260429_210809-ih70jk85,ih70jk85,20260429_210809,run_continual_sac.py,sac_her,sawyer_faucet_close,2,3,persistent,persistent,,256,10,8000000,0.0,0.26666666666666666,0.0,6464247,False,d_konoki/continual_sac/ih70jk85,gl027.hpc.nyu.edu,running
run-20260429_210810-ejhjlauc,ejhjlauc,20260429_210810,run_continual_sac.py,sac_her,sawyer_faucet_close,2,2,persistent,persistent,,256,10,8000000,0.0,0.3333333333333333,0.0,6465064,False,d_konoki/continual_sac/ejhjlauc,gl027.hpc.nyu.edu,running
run-20260430_002616-yjhyn78y,yjhyn78y,20260430_002616,run_continual_sac.py,sac_her,sawyer_push_back,3,2,persistent,persistent,,256,10,8000000,0.0,0.0,0.0,6431340,False,d_konoki/continual_sac/yjhyn78y,gl027.hpc.nyu.edu,running
run-20260430_002617-6kpr0l5a,6kpr0l5a,20260430_002617,run_continual_sac.py,sac_her,sawyer_push_back,3,3,persistent,persistent,,256,10,8000000,0.0,0.25,0.0,6435210,False,d_konoki/continual_sac/6kpr0l5a,gl027.hpc.nyu.edu,running
run-20260430_002618-xf23fc5r,xf23fc5r,20260430_002618,run_continual_sac.py,sac_her,sawyer_push_back,3,1,persistent,persistent,,256,10,8000000,0.0,0.025,0.0,6430934,False,d_konoki/continual_sac/xf23fc5r,gl027.hpc.nyu.edu,running
run-20260430_014805-vjcla1g1,vjcla1g1,20260430_014805,run_continual_sac.py,sac_her,sawyer_push_back,3,3,reset,reset,,256,10,8000000,0.0,0.25,0.0,8688204,False,d_konoki/continual_sac/vjcla1g1,gl027.hpc.nyu.edu,running
run-20260430_014836-nc491fmy,nc491fmy,20260430_014836,run_continual_sac.py,sac_her,sawyer_push_back,3,2,reset,reset,,256,10,8000000,0.0,0.25,0.0,8720831,False,d_konoki/continual_sac/nc491fmy,gl027.hpc.nyu.edu,running
run-20260430_014852-uiv6675x,uiv6675x,20260430_014852,run_continual_sac.py,sac_her,sawyer_push_back,3,1,reset,reset,,256,10,8000000,0.0,0.25,0.0,8638898,False,d_konoki/continual_sac/uiv6675x,gl027.hpc.nyu.edu,running
run-20260430_021231-8x0lvdho,8x0lvdho,20260430_021231,run_continual_sac.py,sac_her,sawyer_hammer,0,3,cka,cka,,256,10,8000000,0.0,0.0,0.0,6788175,False,d_konoki/continual_sac/8x0lvdho,gl048.hpc.nyu.edu,running
run-20260430_021231-qdjxdmrs,qdjxdmrs,20260430_021231,run_continual_sac.py,sac_her,sawyer_hammer,0,1,cka,cka,,256,10,8000000,0.6,1.0,1.0,6794377,False,d_konoki/continual_sac/qdjxdmrs,gl048.hpc.nyu.edu,running
run-20260430_021232-s5depx4a,s5depx4a,20260430_021232,run_continual_sac.py,sac_her,sawyer_hammer,0,2,cka,cka,,256,10,8000000,0.0,1.0,1.0,6793633,False,d_konoki/continual_sac/s5depx4a,gl048.hpc.nyu.edu,running
run-20260430_034258-0p3iheid,0p3iheid,20260430_034258,run_continual_sac.py,sac_her,sawyer_stick_pull,4,2,persistent,persistent,,256,10,8000000,0.0,0.0,0.0,7246447,False,d_konoki/continual_sac/0p3iheid,gl027.hpc.nyu.edu,running
run-20260430_034258-2vney3wo,2vney3wo,20260430_034258,run_continual_sac.py,sac_her,sawyer_stick_pull,4,1,persistent,persistent,,256,10,8000000,0.3,0.08,0.0,7234008,False,d_konoki/continual_sac/2vney3wo,gl027.hpc.nyu.edu,running
run-20260430_034302-59vvcdzj,59vvcdzj,20260430_034302,run_continual_sac.py,sac_her,sawyer_stick_pull,4,3,persistent,persistent,,256,10,8000000,0.0,0.08,0.0,7217526,False,d_konoki/continual_sac/59vvcdzj,gl027.hpc.nyu.edu,running
run-20260430_054359-rpcddlfn,rpcddlfn,20260430_054359,run_continual_sac.py,sac_her,sawyer_push_wall,1,3,cka,cka,,256,10,8000000,0.0,,0.0,79167534,False,,gl048.hpc.nyu.edu,running
run-20260430_054403-ljli6rkw,ljli6rkw,20260430_054403,run_continual_sac.py,sac_her,sawyer_push_wall,1,2,cka,cka,,256,10,8000000,0.0,,0.0,79101975,False,,gl048.hpc.nyu.edu,running
run-20260430_054407-yzaq7pdk,yzaq7pdk,20260430_054407,run_continual_sac.py,sac_her,sawyer_push_wall,1,1,cka,cka,,256,10,8000000,0.0,,0.0,79102374,False,,gl048.hpc.nyu.edu,running
run-20260430_062606-nw8nb0j0,nw8nb0j0,20260430_062606,run_continual_sac.py,sac_her,sawyer_stick_pull,4,1,reset,reset,,256,10,8000000,0.9,0.22000000000000003,0.0,9725451,False,d_konoki/continual_sac/nw8nb0j0,gl027.hpc.nyu.edu,running
run-20260430_062706-c4zx9duc,c4zx9duc,20260430_062706,run_continual_sac.py,sac_her,sawyer_stick_pull,4,3,reset,reset,,256,10,8000000,1.0,0.42000000000000004,1.0,9720652,False,d_konoki/continual_sac/c4zx9duc,gl027.hpc.nyu.edu,running
run-20260430_062849-fp5idiki,fp5idiki,20260430_062849,run_continual_sac.py,sac_her,sawyer_stick_pull,4,2,reset,reset,,256,10,8000000,0.0,0.0,0.0,9588810,False,d_konoki/continual_sac/fp5idiki,gl027.hpc.nyu.edu,running
run-20260430_072834-zq6qq8tc,zq6qq8tc,20260430_072834,run_continual_sac.py,sac_her,sawyer_handle_press_side,5,3,persistent,persistent,,256,10,8000000,0.0,0.11666666666666665,0.0,6763024,False,d_konoki/continual_sac/zq6qq8tc,gl027.hpc.nyu.edu,running
run-20260430_072859-jx9b9dr6,jx9b9dr6,20260430_072859,run_continual_sac.py,sac_her,sawyer_handle_press_side,5,1,persistent,persistent,,256,10,8000000,0.1,0.19999999999999998,0.0,6763107,False,d_konoki/continual_sac/jx9b9dr6,gl027.hpc.nyu.edu,running
run-20260430_072935-27i12o8f,27i12o8f,20260430_072935,run_continual_sac.py,sac_her,sawyer_handle_press_side,5,2,persistent,persistent,,256,10,8000000,0.0,0.15,0.0,6762641,False,d_konoki/continual_sac/27i12o8f,gl027.hpc.nyu.edu,running
run-20260430_105658-nls2jm0f,nls2jm0f,20260430_105658,run_continual_sac.py,sac_her,sawyer_push,6,3,persistent,persistent,,256,10,8000000,0.0,,0.0,5440271,False,,gl027.hpc.nyu.edu,running
run-20260430_105722-cqhjfuub,cqhjfuub,20260430_105722,run_continual_sac.py,sac_her,sawyer_push,6,1,persistent,persistent,,256,10,8000000,0.0,,0.0,5407128,False,,gl027.hpc.nyu.edu,running
run-20260430_105753-l8i6mooh,l8i6mooh,20260430_105753,run_continual_sac.py,sac_her,sawyer_push,6,2,persistent,persistent,,256,10,8000000,0.0,,0.0,5406967,False,,gl027.hpc.nyu.edu,running
run-20260430_114106-02ypb5si,02ypb5si,20260430_114106,run_continual_sac.py,sac_her,sawyer_handle_press_side,5,2,reset,reset,,256,10,8000000,0.1,,1.0,3772856,False,,gl027.hpc.nyu.edu,running
run-20260430_114310-akzfugyp,akzfugyp,20260430_114310,run_continual_sac.py,sac_her,sawyer_handle_press_side,5,1,reset,reset,,256,10,8000000,0.0,,0.0,3703562,False,,gl027.hpc.nyu.edu,running
run-20260430_114348-iw4jalog,iw4jalog,20260430_114348,run_continual_sac.py,sac_her,sawyer_handle_press_side,5,3,reset,reset,,256,10,8000000,0.0,,0.0,3703271,False,,gl027.hpc.nyu.edu,running
run-20260517_000636-e0of04x4,e0of04x4,20260517_000636,run_continual_sac.py,sac_her,sawyer_handle_press_side,5,3,reset,reset,,256,10,8000000,0.0,0.0,0.0,6373208,False,d_konoki/continual_sac/e0of04x4,gl016.hpc.nyu.edu,running
run-20260517_000636-towuissh,towuissh,20260517_000636,run_continual_sac.py,sac_her,sawyer_handle_press_side,5,2,reset,reset,,256,10,8000000,0.0,0.0,0.0,6372899,False,d_konoki/continual_sac/towuissh,gl016.hpc.nyu.edu,running
run-20260517_000637-u0r9fxbd,u0r9fxbd,20260517_000637,run_continual_sac.py,sac_her,sawyer_handle_press_side,5,1,reset,reset,,256,10,8000000,0.1,0.03333333333333333,0.0,6372728,False,d_konoki/continual_sac/u0r9fxbd,gl016.hpc.nyu.edu,running
run-20260517_000638-qjt8m009,qjt8m009,20260517_000638,run_continual_sac.py,sac_her,sawyer_handle_press_side,5,2,persistent,persistent,,256,10,8000000,0.0,0.08333333333333333,1.0,6427415,False,d_konoki/continual_sac/qjt8m009,gl024.hpc.nyu.edu,running
run-20260517_000639-hd0on9x2,hd0on9x2,20260517_000639,run_continual_sac.py,sac_her,sawyer_handle_press_side,5,1,persistent,persistent,,256,10,8000000,0.1,0.19999999999999998,1.0,6423332,False,d_konoki/continual_sac/hd0on9x2,gl024.hpc.nyu.edu,running
run-20260517_000639-usvbp9pg,usvbp9pg,20260517_000639,run_continual_sac.py,sac_her,sawyer_handle_press_side,5,3,persistent,persistent,,256,10,8000000,0.0,0.0,0.0,6427833,False,d_konoki/continual_sac/usvbp9pg,gl024.hpc.nyu.edu,running
run-20260517_000656-92gnfy9o,92gnfy9o,20260517_000656,run_continual_sac.py,sac_her,sawyer_push_wall,1,1,cka,cka,,256,10,8000000,0.0,0.0,0.0,80061470,False,d_konoki/continual_sac/92gnfy9o,gl024.hpc.nyu.edu,running
run-20260517_000656-ysbegzmq,ysbegzmq,20260517_000656,run_continual_sac.py,sac_her,sawyer_push_wall,1,3,cka,cka,,256,10,8000000,0.0,0.0,0.0,80030486,False,d_konoki/continual_sac/ysbegzmq,gl024.hpc.nyu.edu,running
run-20260517_000657-7lr88f6f,7lr88f6f,20260517_000657,run_continual_sac.py,sac_her,sawyer_push_wall,1,2,cka,cka,,256,10,8000000,0.0,0.0,0.0,80054658,False,d_konoki/continual_sac/7lr88f6f,gl024.hpc.nyu.edu,running
run-20260517_032231-0dnwha11,0dnwha11,20260517_032231,run_continual_sac.py,sac_her,sawyer_push,6,2,reset,reset,,256,10,8000000,0.0,0.0,0.0,6187514,False,d_konoki/continual_sac/0dnwha11,gl016.hpc.nyu.edu,running
run-20260517_032233-f540yycv,f540yycv,20260517_032233,run_continual_sac.py,sac_her,sawyer_push,6,1,reset,reset,,256,10,8000000,0.4,0.17142857142857143,1.0,6190307,False,d_konoki/continual_sac/f540yycv,gl016.hpc.nyu.edu,running
run-20260517_032233-o0yibdt4,o0yibdt4,20260517_032233,run_continual_sac.py,sac_her,sawyer_push,6,3,reset,reset,,256,10,8000000,0.0,0.0,0.0,6190379,False,d_konoki/continual_sac/o0yibdt4,gl016.hpc.nyu.edu,running
run-20260517_032324-5p6g5ucf,5p6g5ucf,20260517_032324,run_continual_sac.py,sac_her,sawyer_push,6,1,persistent,persistent,,256,10,8000000,0.5,0.24285714285714288,0.0,6235058,False,d_konoki/continual_sac/5p6g5ucf,gl024.hpc.nyu.edu,running
run-20260517_032326-k8ms6ju9,k8ms6ju9,20260517_032326,run_continual_sac.py,sac_her,sawyer_push,6,2,persistent,persistent,,256,10,8000000,0.0,0.0,0.0,6235894,False,d_konoki/continual_sac/k8ms6ju9,gl024.hpc.nyu.edu,running
run-20260517_032329-kg9r8iqe,kg9r8iqe,20260517_032329,run_continual_sac.py,sac_her,sawyer_push,6,3,persistent,persistent,,256,10,8000000,0.0,0.15714285714285717,0.0,6235371,False,d_konoki/continual_sac/kg9r8iqe,gl024.hpc.nyu.edu,running
run-20260517_063219-grnckv9l,grnckv9l,20260517_063219,run_continual_sac.py,sac_her,sawyer_shelf_place,7,3,reset,reset,,256,10,8000000,0.0,0.025,0.0,6414122,False,d_konoki/continual_sac/grnckv9l,gl016.hpc.nyu.edu,running
run-20260517_063220-b7xkxj51,b7xkxj51,20260517_063220,run_continual_sac.py,sac_her,sawyer_shelf_place,7,2,reset,reset,,256,10,8000000,0.0,0.0625,0.0,6414423,False,d_konoki/continual_sac/b7xkxj51,gl016.hpc.nyu.edu,running
run-20260517_063221-x9ksdtvx,x9ksdtvx,20260517_063221,run_continual_sac.py,sac_her,sawyer_shelf_place,7,1,reset,reset,,256,10,8000000,0.0,0.025,0.0,6413731,False,d_konoki/continual_sac/x9ksdtvx,gl016.hpc.nyu.edu,running
run-20260517_063420-bzaxlzac,bzaxlzac,20260517_063420,run_continual_sac.py,sac_her,sawyer_shelf_place,7,3,persistent,persistent,,256,10,8000000,0.0,0.0,0.0,6482821,False,d_konoki/continual_sac/bzaxlzac,gl024.hpc.nyu.edu,running
run-20260517_063422-gj3qo4wv,gj3qo4wv,20260517_063422,run_continual_sac.py,sac_her,sawyer_shelf_place,7,2,persistent,persistent,,256,10,8000000,0.0,0.125,0.0,6482851,False,d_konoki/continual_sac/gj3qo4wv,gl024.hpc.nyu.edu,running
run-20260517_063458-z6bwqm1m,z6bwqm1m,20260517_063458,run_continual_sac.py,sac_her,sawyer_shelf_place,7,1,persistent,persistent,,256,10,8000000,0.0,0.0,0.0,6484188,False,d_konoki/continual_sac/z6bwqm1m,gl024.hpc.nyu.edu,running
run-20260517_071832-ecgonidp,ecgonidp,20260517_071832,run_continual_sac.py,sac_her,sawyer_push_wall,1,1,cka,cka,True,256,10,8000000,0.0,0.0,0.0,80103006,False,d_konoki/continual_sac/ecgonidp,gl025.hpc.nyu.edu,running
run-20260517_071832-pdh1op6u,pdh1op6u,20260517_071832,run_continual_sac.py,sac_her,sawyer_push_wall,1,3,cka,cka,True,256,10,8000000,0.0,0.0,0.0,80055540,False,d_konoki/continual_sac/pdh1op6u,gl025.hpc.nyu.edu,running
run-20260517_071832-pzxdnsxr,pzxdnsxr,20260517_071832,run_continual_sac.py,sac_her,sawyer_push_wall,1,2,cka,cka,True,256,10,8000000,0.0,0.0,0.0,80060632,False,d_konoki/continual_sac/pzxdnsxr,gl025.hpc.nyu.edu,running
run-20260517_071836-lditrdxc,lditrdxc,20260517_071836,run_continual_sac.py,sac_her,sawyer_shelf_place,7,2,persistent,persistent,True,256,10,8000000,0.0,0.125,0.0,6390099,False,d_konoki/continual_sac/lditrdxc,gl009.hpc.nyu.edu,running
run-20260517_071836-vig7k91j,vig7k91j,20260517_071836,run_continual_sac.py,sac_her,sawyer_shelf_place,7,1,reset,reset,True,256,10,8000000,0.0,0.0875,0.0,6350043,False,d_konoki/continual_sac/vig7k91j,gl009.hpc.nyu.edu,running
run-20260517_071837-3jz6ojsd,3jz6ojsd,20260517_071837,run_continual_sac.py,sac_her,sawyer_shelf_place,7,3,persistent,persistent,True,256,10,8000000,0.0,0.0125,0.0,6390220,False,d_konoki/continual_sac/3jz6ojsd,gl009.hpc.nyu.edu,running
run-20260517_071837-avy76u06,avy76u06,20260517_071837,run_continual_sac.py,sac_her,sawyer_shelf_place,7,2,reset,reset,True,256,10,8000000,0.0,0.0,0.0,6344565,False,d_konoki/continual_sac/avy76u06,gl009.hpc.nyu.edu,running
run-20260517_071837-e4euyphj,e4euyphj,20260517_071837,run_continual_sac.py,sac_her,sawyer_shelf_place,7,1,persistent,persistent,True,256,10,8000000,0.0,0.05,0.0,6397275,False,d_konoki/continual_sac/e4euyphj,gl009.hpc.nyu.edu,running
run-20260517_071837-rvf2tnpo,rvf2tnpo,20260517_071837,run_continual_sac.py,sac_her,sawyer_shelf_place,7,3,reset,reset,True,256,10,8000000,0.0,0.0,0.0,6346970,False,d_konoki/continual_sac/rvf2tnpo,gl009.hpc.nyu.edu,running
run-20260517_083312-0c9lo89u,0c9lo89u,20260517_083312,run_continual_sac.py,sac_her,sawyer_faucet_close,2,3,cka,cka,,256,10,8000000,0.1,0.26666666666666666,0.0,82720231,False,d_konoki/continual_sac/0c9lo89u,gl024.hpc.nyu.edu,running
run-20260517_083403-8yjoljtr,8yjoljtr,20260517_083403,run_continual_sac.py,sac_her,sawyer_faucet_close,2,2,cka,cka,,256,10,8000000,0.0,0.3333333333333333,0.0,82785364,False,d_konoki/continual_sac/8yjoljtr,gl024.hpc.nyu.edu,running
run-20260517_083424-q8esl870,q8esl870,20260517_083424,run_continual_sac.py,sac_her,sawyer_faucet_close,2,1,cka,cka,,256,10,8000000,0.1,0.03333333333333333,1.0,82936459,False,d_konoki/continual_sac/q8esl870,gl024.hpc.nyu.edu,running
run-20260517_095019-f9yzl7bx,f9yzl7bx,20260517_095019,run_continual_sac.py,sac_her,sawyer_window_close,8,2,reset,reset,,256,10,8000000,0.5,0.08888888888888889,1.0,7080526,False,d_konoki/continual_sac/f9yzl7bx,gl016.hpc.nyu.edu,running
run-20260517_095020-7utta06a,7utta06a,20260517_095020,run_continual_sac.py,sac_her,sawyer_window_close,8,3,reset,reset,,256,10,8000000,0.2,0.15555555555555556,1.0,7081352,False,d_konoki/continual_sac/7utta06a,gl016.hpc.nyu.edu,running
run-20260517_095020-beb8vsk9,beb8vsk9,20260517_095020,run_continual_sac.py,sac_her,sawyer_window_close,8,1,reset,reset,,256,10,8000000,0.6,0.07777777777777778,0.0,7082204,False,d_konoki/continual_sac/beb8vsk9,gl016.hpc.nyu.edu,running
run-20260517_095420-xhobx5f8,xhobx5f8,20260517_095420,run_continual_sac.py,sac_her,sawyer_window_close,8,2,persistent,persistent,,256,10,8000000,0.3,0.03333333333333333,0.0,7280369,False,d_konoki/continual_sac/xhobx5f8,gl024.hpc.nyu.edu,running
run-20260517_095423-6hecnu5x,6hecnu5x,20260517_095423,run_continual_sac.py,sac_her,sawyer_window_close,8,3,persistent,persistent,,256,10,8000000,0.2,0.18888888888888888,0.0,7268831,False,d_konoki/continual_sac/6hecnu5x,gl024.hpc.nyu.edu,running
run-20260517_095500-b631w8bg,b631w8bg,20260517_095500,run_continual_sac.py,sac_her,sawyer_window_close,8,1,persistent,persistent,,256,10,8000000,0.6,0.044444444444444446,1.0,7240103,False,d_konoki/continual_sac/b631w8bg,gl024.hpc.nyu.edu,running
run-20260517_103609-txme7u0n,txme7u0n,20260517_103609,run_continual_sac.py,sac_her,sawyer_window_close,8,2,reset,reset,True,256,10,8000000,0.5,0.044444444444444446,0.0,7066925,False,d_konoki/continual_sac/txme7u0n,gl009.hpc.nyu.edu,running
run-20260517_103612-z9eu9j2d,z9eu9j2d,20260517_103612,run_continual_sac.py,sac_her,sawyer_window_close,8,1,reset,reset,True,256,10,8000000,0.6,0.14444444444444446,0.0,7064551,False,d_konoki/continual_sac/z9eu9j2d,gl009.hpc.nyu.edu,running
run-20260517_103616-a5fkwj57,a5fkwj57,20260517_103616,run_continual_sac.py,sac_her,sawyer_window_close,8,3,reset,reset,True,256,10,8000000,0.2,0.06666666666666667,1.0,7069216,False,d_konoki/continual_sac/a5fkwj57,gl009.hpc.nyu.edu,running
run-20260517_103746-9uxdgk63,9uxdgk63,20260517_103746,run_continual_sac.py,sac_her,sawyer_window_close,8,2,persistent,persistent,True,256,10,8000000,0.5,0.1111111111111111,1.0,7113438,False,d_konoki/continual_sac/9uxdgk63,gl009.hpc.nyu.edu,running
run-20260517_103746-f0ak2wis,f0ak2wis,20260517_103746,run_continual_sac.py,sac_her,sawyer_window_close,8,3,persistent,persistent,True,256,10,8000000,0.2,0.05555555555555555,1.0,7103164,False,d_konoki/continual_sac/f0ak2wis,gl009.hpc.nyu.edu,running
run-20260517_103754-0okgdjla,0okgdjla,20260517_103754,run_continual_sac.py,sac_her,sawyer_window_close,8,1,persistent,persistent,True,256,10,8000000,0.6,0.08888888888888889,0.0,7088132,False,d_konoki/continual_sac/0okgdjla,gl009.hpc.nyu.edu,running
run-20260517_133230-cpzxo1ma,cpzxo1ma,20260517_133230,run_continual_sac.py,sac_her,sawyer_peg_unplug_side,9,2,reset,reset,,256,10,8000000,0.0,0.0,0.0,7990991,False,d_konoki/continual_sac/cpzxo1ma,gl016.hpc.nyu.edu,running
run-20260517_133231-xrai1l3b,xrai1l3b,20260517_133231,run_continual_sac.py,sac_her,sawyer_peg_unplug_side,9,1,reset,reset,,256,10,8000000,0.0,0.0,0.0,7982311,False,d_konoki/continual_sac/xrai1l3b,gl016.hpc.nyu.edu,running
run-20260517_133248-0bkl3n0g,0bkl3n0g,20260517_133248,run_continual_sac.py,sac_her,sawyer_peg_unplug_side,9,3,reset,reset,,256,10,8000000,0.0,0.0,0.0,7989141,False,d_konoki/continual_sac/0bkl3n0g,gl016.hpc.nyu.edu,running
run-20260517_134231-qc05ben6,qc05ben6,20260517_134231,run_continual_sac.py,sac_her,sawyer_peg_unplug_side,9,1,persistent,persistent,,256,10,8000000,0.1,0.05,0.0,8123219,False,d_konoki/continual_sac/qc05ben6,gl024.hpc.nyu.edu,running
run-20260517_134301-ylx51dgw,ylx51dgw,20260517_134301,run_continual_sac.py,sac_her,sawyer_peg_unplug_side,9,3,persistent,persistent,,256,10,8000000,0.0,0.0,0.0,8133197,False,d_konoki/continual_sac/ylx51dgw,gl024.hpc.nyu.edu,running
run-20260517_134309-oyj71xtf,oyj71xtf,20260517_134309,run_continual_sac.py,sac_her,sawyer_peg_unplug_side,9,2,persistent,persistent,,256,10,8000000,0.0,0.02,0.0,8157787,False,d_konoki/continual_sac/oyj71xtf,gl024.hpc.nyu.edu,running
run-20260517_141944-buwqsrev,buwqsrev,20260517_141944,run_continual_sac.py,sac_her,sawyer_peg_unplug_side,9,1,reset,reset,True,256,10,8000000,0.0,0.02,0.0,8150069,False,d_konoki/continual_sac/buwqsrev,gl009.hpc.nyu.edu,running
run-20260517_141945-93y0th51,93y0th51,20260517_141945,run_continual_sac.py,sac_her,sawyer_peg_unplug_side,9,2,reset,reset,True,256,10,8000000,0.0,0.0,0.0,8128809,False,d_konoki/continual_sac/93y0th51,gl009.hpc.nyu.edu,running
run-20260517_141956-8opsx4rp,8opsx4rp,20260517_141956,run_continual_sac.py,sac_her,sawyer_peg_unplug_side,9,3,reset,reset,True,256,10,8000000,0.0,0.0,0.0,8142486,False,d_konoki/continual_sac/8opsx4rp,gl009.hpc.nyu.edu,running
run-20260517_142211-9wthnb1t,9wthnb1t,20260517_142211,run_continual_sac.py,sac_her,sawyer_peg_unplug_side,9,1,persistent,persistent,True,256,10,8000000,0.0,0.02,0.0,6821405,False,d_konoki/continual_sac/9wthnb1t,gl009.hpc.nyu.edu,running
run-20260517_142233-xl1lffjw,xl1lffjw,20260517_142233,run_continual_sac.py,sac_her,sawyer_peg_unplug_side,9,3,persistent,persistent,True,256,10,8000000,0.0,0.06000000000000001,0.0,6819256,False,d_konoki/continual_sac/xl1lffjw,gl009.hpc.nyu.edu,running
run-20260517_142254-o1qpm20p,o1qpm20p,20260517_142254,run_continual_sac.py,sac_her,sawyer_peg_unplug_side,9,2,persistent,persistent,True,256,10,8000000,0.0,0.0,0.0,6816793,False,d_konoki/continual_sac/o1qpm20p,gl009.hpc.nyu.edu,running
run-20260517_155519-x4988duj,x4988duj,20260517_155519,run_continual_sac.py,sac_her,sawyer_faucet_close,2,3,cka,cka,True,256,10,8000000,0.0,0.3333333333333333,0.0,82829300,False,d_konoki/continual_sac/x4988duj,gl025.hpc.nyu.edu,running
run-20260517_155525-qdf17nrt,qdf17nrt,20260517_155525,run_continual_sac.py,sac_her,sawyer_faucet_close,2,2,cka,cka,True,256,10,8000000,0.4,0.3,1.0,82774468,False,d_konoki/continual_sac/qdf17nrt,gl025.hpc.nyu.edu,running
run-20260517_155633-j3lxzx4t,j3lxzx4t,20260517_155633,run_continual_sac.py,sac_her,sawyer_faucet_close,2,1,cka,cka,True,256,10,8000000,0.2,0.3,0.0,82817293,False,d_konoki/continual_sac/j3lxzx4t,gl025.hpc.nyu.edu,running
run-20260517_183522-rxsysk55,rxsysk55,20260517_183522,run_continual_sac.py,sac_her,sawyer_push_back,3,3,cka,cka,,256,10,8000000,0.0,,0.0,65765385,False,,gl024.hpc.nyu.edu,running
run-20260517_183939-w94tb0ou,w94tb0ou,20260517_183939,run_continual_sac.py,sac_her,sawyer_push_back,3,2,cka,cka,,256,10,8000000,0.0,,0.0,64618680,False,,gl024.hpc.nyu.edu,running
run-20260517_184356-pt1i2fsd,pt1i2fsd,20260517_184356,run_continual_sac.py,sac_her,sawyer_push_back,3,1,cka,cka,,256,10,8000000,0.0,,0.0,64094319,False,,gl024.hpc.nyu.edu,running
run-20260518_020414-yc432cgi,yc432cgi,20260518_020414,run_continual_sac.py,sac_her,sawyer_push_back,3,3,cka,cka,True,256,10,8000000,0.0,,0.0,23986828,False,,gl025.hpc.nyu.edu,running
run-20260518_020430-t0obasxz,t0obasxz,20260518_020430,run_continual_sac.py,sac_her,sawyer_push_back,3,2,cka,cka,True,256,10,8000000,0.0,,0.0,23953488,False,,gl025.hpc.nyu.edu,running
run-20260518_020608-3wjzo9nj,3wjzo9nj,20260518_020608,run_continual_sac.py,sac_her,sawyer_push_back,3,1,cka,cka,True,256,10,8000000,0.0,,0.0,23692066,False,,gl025.hpc.nyu.edu,running
run-20260518_051257-1tzoqudb,1tzoqudb,20260518_051257,run_continual_sac.py,sac_her,sawyer_hammer,0,2,persistent,persistent,True,256,10,8000000,0.9,1.0,1.0,6853588,False,d_konoki/continual_sac/1tzoqudb,gl025.hpc.nyu.edu,running
run-20260518_051257-yx97xl9d,yx97xl9d,20260518_051257,run_continual_sac.py,sac_her,sawyer_hammer,0,3,persistent,persistent,True,256,10,8000000,0.8,0.6,1.0,6853408,False,d_konoki/continual_sac/yx97xl9d,gl025.hpc.nyu.edu,running
run-20260518_051258-60f9zvxk,60f9zvxk,20260518_051258,run_continual_sac.py,sac_her,sawyer_hammer,0,1,persistent,persistent,True,256,10,8000000,0.0,0.0,0.0,6844283,False,d_konoki/continual_sac/60f9zvxk,gl025.hpc.nyu.edu,running
run-20260518_051322-ngnyhft0,ngnyhft0,20260518_051322,run_continual_sac.py,sac_her,sawyer_hammer,0,1,reset,reset,True,256,10,8000000,0.7,0.8,1.0,6870839,False,d_konoki/continual_sac/ngnyhft0,gl010.hpc.nyu.edu,running
run-20260518_051323-130nx8uo,130nx8uo,20260518_051323,run_continual_sac.py,sac_her,sawyer_hammer,0,2,reset,reset,True,256,10,8000000,0.7,0.8,0.0,6869181,False,d_konoki/continual_sac/130nx8uo,gl010.hpc.nyu.edu,running
run-20260518_051323-3i4ivb81,3i4ivb81,20260518_051323,run_continual_sac.py,sac_her,sawyer_hammer,0,3,reset,reset,True,256,10,8000000,0.3,0.5,0.0,6859193,False,d_konoki/continual_sac/3i4ivb81,gl010.hpc.nyu.edu,running
run-20260518_084846-qvwh92de,qvwh92de,20260518_084846,run_continual_sac.py,sac_her,sawyer_push_wall,1,1,persistent,persistent,True,256,10,8000000,0.0,0.5,0.0,6267510,False,d_konoki/continual_sac/qvwh92de,gl025.hpc.nyu.edu,running
run-20260518_084850-v2m987du,v2m987du,20260518_084850,run_continual_sac.py,sac_her,sawyer_push_wall,1,2,persistent,persistent,True,256,10,8000000,0.0,0.1,0.0,6267792,False,d_konoki/continual_sac/v2m987du,gl025.hpc.nyu.edu,running
run-20260518_084859-y0g2bgov,y0g2bgov,20260518_084859,run_continual_sac.py,sac_her,sawyer_push_wall,1,3,persistent,persistent,True,256,10,8000000,0.0,0.0,0.0,6266869,False,d_konoki/continual_sac/y0g2bgov,gl025.hpc.nyu.edu,running
run-20260518_084913-kqo5em2r,kqo5em2r,20260518_084913,run_continual_sac.py,sac_her,sawyer_push_wall,1,2,reset,reset,True,256,10,8000000,0.0,0.0,0.0,6287574,False,d_konoki/continual_sac/kqo5em2r,gl010.hpc.nyu.edu,running
run-20260518_084914-1x7mlpyc,1x7mlpyc,20260518_084914,run_continual_sac.py,sac_her,sawyer_push_wall,1,3,reset,reset,True,256,10,8000000,0.0,0.2,0.0,6289054,False,d_konoki/continual_sac/1x7mlpyc,gl010.hpc.nyu.edu,running
run-20260518_084930-0m34zhe7,0m34zhe7,20260518_084930,run_continual_sac.py,sac_her,sawyer_push_wall,1,1,reset,reset,True,256,10,8000000,0.0,0.25,0.0,6291343,False,d_konoki/continual_sac/0m34zhe7,gl010.hpc.nyu.edu,running
run-20260518_120322-8ks4592v,8ks4592v,20260518_120322,run_continual_sac.py,sac_her,sawyer_faucet_close,2,1,persistent,persistent,True,256,10,8000000,0.2,0.0,0.0,7560356,False,d_konoki/continual_sac/8ks4592v,gl025.hpc.nyu.edu,running
run-20260518_120324-ajrq9hn8,ajrq9hn8,20260518_120324,run_continual_sac.py,sac_her,sawyer_faucet_close,2,2,persistent,persistent,True,256,10,8000000,0.7,0.06666666666666667,1.0,7572577,False,d_konoki/continual_sac/ajrq9hn8,gl025.hpc.nyu.edu,running
run-20260518_120345-c6zkjxdc,c6zkjxdc,20260518_120345,run_continual_sac.py,sac_her,sawyer_faucet_close,2,3,persistent,persistent,True,256,10,8000000,0.5,0.09999999999999999,1.0,7570525,False,d_konoki/continual_sac/c6zkjxdc,gl025.hpc.nyu.edu,running
run-20260518_120435-21rmx84j,21rmx84j,20260518_120435,run_continual_sac.py,sac_her,sawyer_faucet_close,2,2,reset,reset,True,256,10,8000000,0.3,0.09999999999999999,1.0,8173495,False,d_konoki/continual_sac/21rmx84j,gl010.hpc.nyu.edu,running
run-20260518_120437-m4s0kc85,m4s0kc85,20260518_120437,run_continual_sac.py,sac_her,sawyer_faucet_close,2,3,reset,reset,True,256,10,8000000,0.2,0.03333333333333333,0.0,8169961,False,d_konoki/continual_sac/m4s0kc85,gl010.hpc.nyu.edu,running
run-20260518_120456-dvsbjzei,dvsbjzei,20260518_120456,run_continual_sac.py,sac_her,sawyer_faucet_close,2,1,reset,reset,True,256,10,8000000,0.5,0.5666666666666667,1.0,8283365,False,d_konoki/continual_sac/dvsbjzei,gl010.hpc.nyu.edu,running
run-20260518_160315-bdyul2lx,bdyul2lx,20260518_160315,run_continual_sac.py,sac_her,sawyer_push_back,3,1,persistent,persistent,True,256,10,8000000,0.0,0.225,0.0,7308001,False,d_konoki/continual_sac/bdyul2lx,gl025.hpc.nyu.edu,running
run-20260518_160351-09ey3asv,09ey3asv,20260518_160351,run_continual_sac.py,sac_her,sawyer_push_back,3,2,persistent,persistent,True,256,10,8000000,0.0,0.175,0.0,7317117,False,d_konoki/continual_sac/09ey3asv,gl025.hpc.nyu.edu,running
run-20260518_160356-p8t789p8,p8t789p8,20260518_160356,run_continual_sac.py,sac_her,sawyer_push_back,3,3,persistent,persistent,True,256,10,8000000,0.0,0.125,0.0,7302241,False,d_konoki/continual_sac/p8t789p8,gl025.hpc.nyu.edu,running
run-20260518_162639-4gjm7u7s,4gjm7u7s,20260518_162639,run_continual_sac.py,sac_her,sawyer_push_back,3,3,reset,reset,True,256,10,8000000,0.0,0.25,0.0,8000291,False,d_konoki/continual_sac/4gjm7u7s,gl010.hpc.nyu.edu,running
run-20260518_162653-wygc715q,wygc715q,20260518_162653,run_continual_sac.py,sac_her,sawyer_push_back,3,2,reset,reset,True,256,10,8000000,0.0,0.25,0.0,7991830,False,d_konoki/continual_sac/wygc715q,gl010.hpc.nyu.edu,running
run-20260518_163048-wp3tpjb8,wp3tpjb8,20260518_163048,run_continual_sac.py,sac_her,sawyer_push_back,3,1,reset,reset,True,256,10,8000000,0.0,0.25,0.0,8021154,False,d_konoki/continual_sac/wp3tpjb8,gl010.hpc.nyu.edu,running
run-20260518_195432-w0hobhb6,w0hobhb6,20260518_195432,run_continual_sac.py,sac_her,sawyer_stick_pull,4,1,persistent,persistent,True,256,10,8000000,0.0,0.0,0.0,8394626,False,d_konoki/continual_sac/w0hobhb6,gl025.hpc.nyu.edu,running
run-20260518_195457-mibsb17c,mibsb17c,20260518_195457,run_continual_sac.py,sac_her,sawyer_stick_pull,4,3,persistent,persistent,True,256,10,8000000,0.0,0.2,0.0,8273536,False,d_konoki/continual_sac/mibsb17c,gl025.hpc.nyu.edu,running
run-20260518_195514-skpzsp4d,skpzsp4d,20260518_195514,run_continual_sac.py,sac_her,sawyer_stick_pull,4,2,persistent,persistent,True,256,10,8000000,0.0,0.0,0.0,8315820,False,d_konoki/continual_sac/skpzsp4d,gl025.hpc.nyu.edu,running
run-20260518_204252-0s7tqfz7,0s7tqfz7,20260518_204252,run_continual_sac.py,sac_her,sawyer_stick_pull,4,2,reset,reset,True,256,10,8000000,1.0,0.4,1.0,8006939,False,d_konoki/continual_sac/0s7tqfz7,gl010.hpc.nyu.edu,running
run-20260518_204306-u8obx98k,u8obx98k,20260518_204306,run_continual_sac.py,sac_her,sawyer_stick_pull,4,3,reset,reset,True,256,10,8000000,1.0,0.38,1.0,7996494,False,d_konoki/continual_sac/u8obx98k,gl010.hpc.nyu.edu,running
run-20260518_204806-tcchktqb,tcchktqb,20260518_204806,run_continual_sac.py,sac_her,sawyer_stick_pull,4,1,reset,reset,True,256,10,8000000,0.0,0.0,0.0,7903900,False,d_konoki/continual_sac/tcchktqb,gl010.hpc.nyu.edu,running
run-20260519_002149-vbcuj11c,vbcuj11c,20260519_002149,run_continual_sac.py,sac_her,sawyer_handle_press_side,5,3,persistent,persistent,True,256,10,8000000,0.0,0.0,0.0,6488242,False,d_konoki/continual_sac/vbcuj11c,gl025.hpc.nyu.edu,running
run-20260519_002330-7fxzddxd,7fxzddxd,20260519_002330,run_continual_sac.py,sac_her,sawyer_handle_press_side,5,2,persistent,persistent,True,256,10,8000000,0.0,0.16666666666666666,0.0,6474174,False,d_konoki/continual_sac/7fxzddxd,gl025.hpc.nyu.edu,running
run-20260519_002520-bp681rv6,bp681rv6,20260519_002520,run_continual_sac.py,sac_her,sawyer_handle_press_side,5,1,persistent,persistent,True,256,10,8000000,0.1,0.03333333333333333,0.0,6465517,False,d_konoki/continual_sac/bp681rv6,gl025.hpc.nyu.edu,running
run-20260519_005941-rjdxgxdc,rjdxgxdc,20260519_005941,run_continual_sac.py,sac_her,sawyer_handle_press_side,5,3,reset,reset,True,256,10,8000000,0.0,0.0,0.0,6391019,False,d_konoki/continual_sac/rjdxgxdc,gl010.hpc.nyu.edu,running
run-20260519_005949-9sakof60,9sakof60,20260519_005949,run_continual_sac.py,sac_her,sawyer_handle_press_side,5,2,reset,reset,True,256,10,8000000,0.0,0.15,1.0,6385576,False,d_konoki/continual_sac/9sakof60,gl010.hpc.nyu.edu,running
run-20260519_010140-3epn3zsm,3epn3zsm,20260519_010140,run_continual_sac.py,sac_her,sawyer_handle_press_side,5,1,reset,reset,True,256,10,8000000,0.1,0.03333333333333333,0.0,6384343,False,d_konoki/continual_sac/3epn3zsm,gl010.hpc.nyu.edu,running
run-20260519_034439-sqwfnj3i,sqwfnj3i,20260519_034439,run_continual_sac.py,sac_her,sawyer_push,6,3,persistent,persistent,True,256,10,8000000,0.4,0.15714285714285717,1.0,6173256,False,d_konoki/continual_sac/sqwfnj3i,gl025.hpc.nyu.edu,running
run-20260519_034540-9u77ersy,9u77ersy,20260519_034540,run_continual_sac.py,sac_her,sawyer_push,6,2,persistent,persistent,True,256,10,8000000,0.0,0.04285714285714286,0.0,6165789,False,d_konoki/continual_sac/9u77ersy,gl025.hpc.nyu.edu,running
run-20260519_034754-i7w66g1d,i7w66g1d,20260519_034754,run_continual_sac.py,sac_her,sawyer_push,6,1,persistent,persistent,True,256,10,8000000,0.1,0.0,0.0,6173631,False,d_konoki/continual_sac/i7w66g1d,gl025.hpc.nyu.edu,running
run-20260519_042012-qrjenmju,qrjenmju,20260519_042012,run_continual_sac.py,sac_her,sawyer_push,6,2,reset,reset,True,256,10,8000000,0.0,0.17142857142857143,0.0,6155356,False,d_konoki/continual_sac/qrjenmju,gl010.hpc.nyu.edu,running
run-20260519_042018-z1vh9fpn,z1vh9fpn,20260519_042018,run_continual_sac.py,sac_her,sawyer_push,6,3,reset,reset,True,256,10,8000000,0.0,0.0,0.0,6160473,False,d_konoki/continual_sac/z1vh9fpn,gl010.hpc.nyu.edu,running
run-20260519_042134-jzfksukl,jzfksukl,20260519_042134,run_continual_sac.py,sac_her,sawyer_push,6,1,reset,reset,True,256,10,8000000,0.0,0.028571428571428574,0.0,6156389,False,d_konoki/continual_sac/jzfksukl,gl010.hpc.nyu.edu,running
run-20260519_065615-8urnde2c,8urnde2c,20260519_065615,run_continual_sac.py,sac_her,sawyer_shelf_place,7,3,persistent,persistent,True,256,10,8000000,0.0,0.0375,0.0,6718061,False,d_konoki/continual_sac/8urnde2c,gl025.hpc.nyu.edu,running
run-20260519_065708-5lzpejyh,5lzpejyh,20260519_065708,run_continual_sac.py,sac_her,sawyer_shelf_place,7,2,persistent,persistent,True,256,10,8000000,0.0,0.0,0.0,6712665,False,d_konoki/continual_sac/5lzpejyh,gl025.hpc.nyu.edu,running
run-20260519_065943-70z0b2lc,70z0b2lc,20260519_065943,run_continual_sac.py,sac_her,sawyer_shelf_place,7,1,persistent,persistent,True,256,10,8000000,0.0,0.075,0.0,6733091,False,d_konoki/continual_sac/70z0b2lc,gl025.hpc.nyu.edu,running
run-20260519_073114-d9b46bux,d9b46bux,20260519_073114,run_continual_sac.py,sac_her,sawyer_shelf_place,7,2,reset,reset,True,256,10,8000000,0.0,0.125,0.0,6930107,False,d_konoki/continual_sac/d9b46bux,gl010.hpc.nyu.edu,running
run-20260519_073119-1uziuplt,1uziuplt,20260519_073119,run_continual_sac.py,sac_her,sawyer_shelf_place,7,3,reset,reset,True,256,10,8000000,0.0,0.0,0.0,6937302,False,d_konoki/continual_sac/1uziuplt,gl010.hpc.nyu.edu,running
run-20260519_073238-4sxs9bu0,4sxs9bu0,20260519_073238,run_continual_sac.py,sac_her,sawyer_shelf_place,7,1,reset,reset,True,256,10,8000000,0.0,0.0,0.0,6949757,False,d_konoki/continual_sac/4sxs9bu0,gl010.hpc.nyu.edu,running
run-20260519_102726-lnukux7v,lnukux7v,20260519_102726,run_continual_sac.py,sac_her,sawyer_window_close,8,3,persistent,persistent,True,256,10,8000000,0.2,0.05555555555555555,0.0,7230383,False,d_konoki/continual_sac/lnukux7v,gl025.hpc.nyu.edu,running
run-20260519_102811-t5sz2lz5,t5sz2lz5,20260519_102811,run_continual_sac.py,sac_her,sawyer_window_close,8,2,persistent,persistent,True,256,10,8000000,0.5,0.14444444444444446,1.0,7227986,False,d_konoki/continual_sac/t5sz2lz5,gl025.hpc.nyu.edu,running
run-20260519_103129-zmnbkt6q,zmnbkt6q,20260519_103129,run_continual_sac.py,sac_her,sawyer_window_close,8,1,persistent,persistent,True,256,10,8000000,0.6,0.03333333333333333,0.0,7264156,False,d_konoki/continual_sac/zmnbkt6q,gl025.hpc.nyu.edu,running
run-20260519_111004-a8buithd,a8buithd,20260519_111004,run_continual_sac.py,sac_her,sawyer_window_close,8,2,reset,reset,True,256,10,8000000,0.5,0.08888888888888889,1.0,7577614,False,d_konoki/continual_sac/a8buithd,gl010.hpc.nyu.edu,running
run-20260519_111005-6z9n26d4,6z9n26d4,20260519_111005,run_continual_sac.py,sac_her,sawyer_window_close,8,3,reset,reset,True,256,10,8000000,0.2,0.15555555555555556,0.0,7577306,False,d_konoki/continual_sac/6z9n26d4,gl010.hpc.nyu.edu,running
run-20260519_111200-a3kt4bjw,a3kt4bjw,20260519_111200,run_continual_sac.py,sac_her,sawyer_window_close,8,1,reset,reset,True,256,10,8000000,0.6,0.1111111111111111,1.0,7572597,False,d_konoki/continual_sac/a3kt4bjw,gl010.hpc.nyu.edu,running
run-20260519_141658-dx3s03i0,dx3s03i0,20260519_141658,run_continual_sac.py,sac_her,sawyer_peg_unplug_side,9,3,persistent,persistent,True,256,10,8000000,0.0,0.18,0.0,6986881,False,d_konoki/continual_sac/dx3s03i0,gl025.hpc.nyu.edu,running
run-20260519_141756-tnfywgjy,tnfywgjy,20260519_141756,run_continual_sac.py,sac_her,sawyer_peg_unplug_side,9,2,persistent,persistent,True,256,10,8000000,0.1,0.19,0.0,6986509,False,d_konoki/continual_sac/tnfywgjy,gl025.hpc.nyu.edu,running
run-20260519_142214-3w6bwsib,3w6bwsib,20260519_142214,run_continual_sac.py,sac_her,sawyer_peg_unplug_side,9,1,persistent,persistent,True,256,10,8000000,0.0,0.0,0.0,6967288,False,d_konoki/continual_sac/3w6bwsib,gl025.hpc.nyu.edu,running
run-20260519_151200-1vvival2,1vvival2,20260519_151200,run_continual_sac.py,sac_her,sawyer_peg_unplug_side,9,3,reset,reset,True,256,10,8000000,0.0,0.0,0.0,7421778,False,d_konoki/continual_sac/1vvival2,gl010.hpc.nyu.edu,running
run-20260519_151205-if39bb8x,if39bb8x,20260519_151205,run_continual_sac.py,sac_her,sawyer_peg_unplug_side,9,2,reset,reset,True,256,10,8000000,0.0,0.1,0.0,7429088,False,d_konoki/continual_sac/if39bb8x,gl010.hpc.nyu.edu,running
run-20260519_151348-synalwec,synalwec,20260519_151348,run_continual_sac.py,sac_her,sawyer_peg_unplug_side,9,1,reset,reset,True,256,10,8000000,0.0,0.06999999999999999,0.0,7438816,False,d_konoki/continual_sac/synalwec,gl010.hpc.nyu.edu,running
run-20260524_021459-13fucfze,13fucfze,20260524_021459,run_continual_sac.py,sac_her,sawyer_hammer,0,6,reset,reset,True,256,10,8000000,0.8,0.5,1.0,7855008,False,d_konoki/continual_sac/13fucfze,gl027.hpc.nyu.edu,running
run-20260524_021459-fc0yyjpa,fc0yyjpa,20260524_021459,run_continual_sac.py,sac_her,sawyer_hammer,0,4,reset,reset,True,256,10,8000000,1.0,1.0,1.0,7847674,False,d_konoki/continual_sac/fc0yyjpa,gl027.hpc.nyu.edu,running
run-20260524_021459-q1c54b28,q1c54b28,20260524_021459,run_continual_sac.py,sac_her,sawyer_hammer,0,5,reset,reset,True,256,10,8000000,0.6,0.6,1.0,7833217,False,d_konoki/continual_sac/q1c54b28,gl027.hpc.nyu.edu,running
run-20260524_021513-c4nxwt6h,c4nxwt6h,20260524_021513,run_continual_sac.py,sac_her,sawyer_hammer,0,4,persistent,persistent,True,256,10,8000000,1.0,0.5,0.0,8937650,False,d_konoki/continual_sac/c4nxwt6h,gl042.hpc.nyu.edu,running
run-20260524_021513-i92gwcii,i92gwcii,20260524_021513,run_continual_sac.py,sac_her,sawyer_hammer,0,5,persistent,persistent,True,256,10,8000000,1.0,1.0,1.0,8964009,False,d_konoki/continual_sac/i92gwcii,gl042.hpc.nyu.edu,running
run-20260524_021514-v4nfdhtb,v4nfdhtb,20260524_021514,run_continual_sac.py,sac_her,sawyer_hammer,0,6,persistent,persistent,True,256,10,8000000,0.8,0.8,0.0,9046033,False,d_konoki/continual_sac/v4nfdhtb,gl042.hpc.nyu.edu,running
run-20260524_062456-wkti6gem,wkti6gem,20260524_062456,run_continual_sac.py,sac_her,sawyer_push_wall,1,5,reset,reset,True,256,10,8000000,0.0,0.0,0.0,7145743,False,d_konoki/continual_sac/wkti6gem,gl027.hpc.nyu.edu,running
run-20260524_062530-5yoipaj0,5yoipaj0,20260524_062530,run_continual_sac.py,sac_her,sawyer_push_wall,1,6,reset,reset,True,256,10,8000000,0.0,0.0,0.0,7118497,False,d_konoki/continual_sac/5yoipaj0,gl027.hpc.nyu.edu,running
run-20260524_062530-885kn70i,885kn70i,20260524_062530,run_continual_sac.py,sac_her,sawyer_push_wall,1,4,reset,reset,True,256,10,8000000,0.0,0.0,0.0,7119919,False,d_konoki/continual_sac/885kn70i,gl027.hpc.nyu.edu,running
run-20260524_070539-o3h9mven,o3h9mven,20260524_070539,run_continual_sac.py,sac_her,sawyer_push_wall,1,4,persistent,persistent,True,256,10,8000000,0.0,0.0,0.0,8325903,False,d_konoki/continual_sac/o3h9mven,gl042.hpc.nyu.edu,running
run-20260524_070628-aid4luz1,aid4luz1,20260524_070628,run_continual_sac.py,sac_her,sawyer_push_wall,1,5,persistent,persistent,True,256,10,8000000,0.0,0.0,0.0,8368386,False,d_konoki/continual_sac/aid4luz1,gl042.hpc.nyu.edu,running
run-20260524_070931-fg6tsb05,fg6tsb05,20260524_070931,run_continual_sac.py,sac_her,sawyer_push_wall,1,6,persistent,persistent,True,256,10,8000000,0.3,0.35,1.0,8501807,False,d_konoki/continual_sac/fg6tsb05,gl042.hpc.nyu.edu,running
run-20260524_100934-6lodrvze,6lodrvze,20260524_100934,run_continual_sac.py,sac_her,sawyer_faucet_close,2,4,reset,reset,True,256,10,8000000,0.1,0.0,1.0,6969812,False,d_konoki/continual_sac/6lodrvze,gl027.hpc.nyu.edu,running
run-20260524_100936-zfp7bus7,zfp7bus7,20260524_100936,run_continual_sac.py,sac_her,sawyer_faucet_close,2,6,reset,reset,True,256,10,8000000,0.5,0.19999999999999998,0.0,6971395,False,d_konoki/continual_sac/zfp7bus7,gl027.hpc.nyu.edu,running
run-20260524_100951-uqk4t2io,uqk4t2io,20260524_100951,run_continual_sac.py,sac_her,sawyer_faucet_close,2,5,reset,reset,True,256,10,8000000,0.0,0.0,0.0,6961917,False,d_konoki/continual_sac/uqk4t2io,gl027.hpc.nyu.edu,running
run-20260524_113337-jlvo6flz,jlvo6flz,20260524_113337,run_continual_sac.py,sac_her,sawyer_faucet_close,2,4,persistent,persistent,True,256,10,8000000,0.0,0.0,0.0,7889664,False,d_konoki/continual_sac/jlvo6flz,gl042.hpc.nyu.edu,running
run-20260524_113542-7ex0cg14,7ex0cg14,20260524_113542,run_continual_sac.py,sac_her,sawyer_faucet_close,2,5,persistent,persistent,True,256,10,8000000,0.8,0.16666666666666666,1.0,7924540,False,d_konoki/continual_sac/7ex0cg14,gl042.hpc.nyu.edu,running
run-20260524_114325-7gjkretm,7gjkretm,20260524_114325,run_continual_sac.py,sac_her,sawyer_faucet_close,2,6,persistent,persistent,True,256,10,8000000,0.5,0.19999999999999998,1.0,7935127,False,d_konoki/continual_sac/7gjkretm,gl042.hpc.nyu.edu,running
run-20260524_134812-kfbgrv5c,kfbgrv5c,20260524_134812,run_continual_sac.py,sac_her,sawyer_push_back,3,4,reset,reset,True,256,10,8000000,0.0,0.0,0.0,6780046,False,d_konoki/continual_sac/kfbgrv5c,gl027.hpc.nyu.edu,running
run-20260524_134819-j5pa796g,j5pa796g,20260524_134819,run_continual_sac.py,sac_her,sawyer_push_back,3,6,reset,reset,True,256,10,8000000,0.0,0.25,0.0,6781248,False,d_konoki/continual_sac/j5pa796g,gl027.hpc.nyu.edu,running
run-20260524_134820-ks4j34lr,ks4j34lr,20260524_134820,run_continual_sac.py,sac_her,sawyer_push_back,3,5,reset,reset,True,256,10,8000000,0.0,0.0,0.0,6778334,False,d_konoki/continual_sac/ks4j34lr,gl027.hpc.nyu.edu,running
run-20260524_154518-885mbi1o,885mbi1o,20260524_154518,run_continual_sac.py,sac_her,sawyer_push_back,3,4,persistent,persistent,True,256,10,8000000,0.0,0.25,0.0,7629783,False,d_konoki/continual_sac/885mbi1o,gl042.hpc.nyu.edu,running
run-20260524_154824-t235spti,t235spti,20260524_154824,run_continual_sac.py,sac_her,sawyer_push_back,3,5,persistent,persistent,True,256,10,8000000,0.0,0.025,0.0,7628124,False,d_konoki/continual_sac/t235spti,gl042.hpc.nyu.edu,running
run-20260524_155630-d333vk6m,d333vk6m,20260524_155630,run_continual_sac.py,sac_her,sawyer_push_back,3,6,persistent,persistent,True,256,10,8000000,0.0,0.0,0.0,7648427,False,d_konoki/continual_sac/d333vk6m,gl042.hpc.nyu.edu,running
run-20260524_172008-v5j8n20i,v5j8n20i,20260524_172008,run_continual_sac.py,sac_her,sawyer_stick_pull,4,4,reset,reset,True,256,10,8000000,1.0,0.4,1.0,7622149,False,d_konoki/continual_sac/v5j8n20i,gl027.hpc.nyu.edu,running
run-20260524_172015-itrbf7k8,itrbf7k8,20260524_172015,run_continual_sac.py,sac_her,sawyer_stick_pull,4,6,reset,reset,True,256,10,8000000,1.0,0.2,1.0,7608501,False,d_konoki/continual_sac/itrbf7k8,gl027.hpc.nyu.edu,running
run-20260524_172017-g3ztqow5,g3ztqow5,20260524_172017,run_continual_sac.py,sac_her,sawyer_stick_pull,4,5,reset,reset,True,256,10,8000000,0.6,0.3,0.0,7628536,False,d_konoki/continual_sac/g3ztqow5,gl027.hpc.nyu.edu,running
run-20260524_194803-6r6exen6,6r6exen6,20260524_194803,run_continual_sac.py,sac_her,sawyer_stick_pull,4,4,persistent,persistent,True,256,10,8000000,0.0,0.2,0.0,8374942,False,d_konoki/continual_sac/6r6exen6,gl042.hpc.nyu.edu,running
run-20260524_195103-pnsr94ew,pnsr94ew,20260524_195103,run_continual_sac.py,sac_her,sawyer_stick_pull,4,5,persistent,persistent,True,256,10,8000000,1.0,0.4,1.0,8435930,False,d_konoki/continual_sac/pnsr94ew,gl042.hpc.nyu.edu,running
run-20260524_195940-b4477s88,b4477s88,20260524_195940,run_continual_sac.py,sac_her,sawyer_stick_pull,4,6,persistent,persistent,True,256,10,8000000,0.0,0.12000000000000002,0.0,8418100,False,d_konoki/continual_sac/b4477s88,gl042.hpc.nyu.edu,running
run-20260524_212300-ne7qihda,ne7qihda,20260524_212300,run_continual_sac.py,sac_her,sawyer_handle_press_side,5,6,reset,reset,True,256,10,8000000,0.2,0.15,0.0,6307469,False,d_konoki/continual_sac/ne7qihda,gl027.hpc.nyu.edu,running
run-20260524_212316-zsv23yc5,zsv23yc5,20260524_212316,run_continual_sac.py,sac_her,sawyer_handle_press_side,5,4,reset,reset,True,256,10,8000000,0.1,0.13333333333333333,1.0,6309457,False,d_konoki/continual_sac/zsv23yc5,gl027.hpc.nyu.edu,running
run-20260524_212330-0by5bd49,0by5bd49,20260524_212330,run_continual_sac.py,sac_her,sawyer_handle_press_side,5,5,reset,reset,True,256,10,8000000,0.0,0.16666666666666666,0.0,6310466,False,d_konoki/continual_sac/0by5bd49,gl027.hpc.nyu.edu,running
run-20260525_001855-3sdid7sl,3sdid7sl,20260525_001855,run_continual_sac.py,sac_her,sawyer_handle_press_side,5,4,persistent,persistent,True,256,10,8000000,0.0,0.18333333333333335,0.0,7809145,False,d_konoki/continual_sac/3sdid7sl,gl042.hpc.nyu.edu,running
run-20260525_002405-599wmj9j,599wmj9j,20260525_002405,run_continual_sac.py,sac_her,sawyer_handle_press_side,5,5,persistent,persistent,True,256,10,8000000,0.0,0.16666666666666666,0.0,7805065,False,d_konoki/continual_sac/599wmj9j,gl042.hpc.nyu.edu,running
run-20260525_003149-b4eqqnz9,b4eqqnz9,20260525_003149,run_continual_sac.py,sac_her,sawyer_handle_press_side,5,6,persistent,persistent,True,256,10,8000000,0.2,0.18333333333333335,0.0,7789891,False,d_konoki/continual_sac/b4eqqnz9,gl042.hpc.nyu.edu,running
run-20260525_003915-n5q38mn1,n5q38mn1,20260525_003915,run_continual_sac.py,sac_her,sawyer_push,6,6,reset,reset,True,256,10,8000000,0.0,0.14285714285714285,0.0,6136667,True,d_konoki/continual_sac/n5q38mn1,gl027.hpc.nyu.edu,running
run-20260525_003929-i97p1x63,i97p1x63,20260525_003929,run_continual_sac.py,sac_her,sawyer_push,6,4,reset,reset,True,256,10,8000000,0.0,0.14285714285714285,0.0,6137611,False,d_konoki/continual_sac/i97p1x63,gl027.hpc.nyu.edu,running
run-20260525_003945-j5osdj9s,j5osdj9s,20260525_003945,run_continual_sac.py,sac_her,sawyer_push,6,5,reset,reset,True,256,10,8000000,0.7,0.07142857142857142,0.0,6142840,False,d_konoki/continual_sac/j5osdj9s,gl027.hpc.nyu.edu,running
run-20260525_034946-syvh3dy1,syvh3dy1,20260525_034946,run_continual_sac.py,sac_her,sawyer_shelf_place,7,6,reset,reset,True,256,10,8000000,0.0,0.0,0.0,6379742,False,d_konoki/continual_sac/syvh3dy1,gl027.hpc.nyu.edu,running
run-20260525_034959-52pglst2,52pglst2,20260525_034959,run_continual_sac.py,sac_her,sawyer_shelf_place,7,4,reset,reset,True,256,10,8000000,0.0,0.0,0.0,6382194,False,d_konoki/continual_sac/52pglst2,gl027.hpc.nyu.edu,running
run-20260525_035018-4nfhuyd6,4nfhuyd6,20260525_035018,run_continual_sac.py,sac_her,sawyer_shelf_place,7,5,reset,reset,True,256,10,8000000,0.0,0.1125,0.0,6378551,False,d_konoki/continual_sac/4nfhuyd6,gl027.hpc.nyu.edu,running
run-20260525_042804-7hm45b66,7hm45b66,20260525_042804,run_continual_sac.py,sac_her,sawyer_push,6,4,persistent,persistent,True,256,10,8000000,0.0,0.0,0.0,7526650,False,d_konoki/continual_sac/7hm45b66,gl042.hpc.nyu.edu,running
run-20260525_043310-8dfxwc8d,8dfxwc8d,20260525_043310,run_continual_sac.py,sac_her,sawyer_push,6,5,persistent,persistent,True,256,10,8000000,0.7,0.31428571428571433,1.0,7547278,False,d_konoki/continual_sac/8dfxwc8d,gl042.hpc.nyu.edu,running
run-20260525_044010-mzjt015o,mzjt015o,20260525_044010,run_continual_sac.py,sac_her,sawyer_push,6,6,persistent,persistent,True,256,10,8000000,0.6,0.14285714285714285,0.0,7575376,False,d_konoki/continual_sac/mzjt015o,gl042.hpc.nyu.edu,running
run-20260525_053625-ahvpmlx0,ahvpmlx0,20260525_053625,run_continual_sac.py,sac_her,sawyer_hammer,0,1,reset,reset,True,1024,10,8000000,0.5,0.7,1.0,14117597,False,d_konoki/continual_sac/ahvpmlx0,gl010.hpc.nyu.edu,running
run-20260525_053625-lbgzm81f,lbgzm81f,20260525_053625,run_continual_sac.py,sac_her,sawyer_hammer,0,2,reset,reset,True,1024,10,8000000,0.5,0.8,1.0,14114602,False,d_konoki/continual_sac/lbgzm81f,gl010.hpc.nyu.edu,running
run-20260525_053626-xplxo60b,xplxo60b,20260525_053626,run_continual_sac.py,sac_her,sawyer_hammer,0,3,reset,reset,True,1024,10,8000000,0.5,0.9,0.0,14116765,False,d_konoki/continual_sac/xplxo60b,gl010.hpc.nyu.edu,running
run-20260525_053801-tfyyyp0i,tfyyyp0i,20260525_053801,run_continual_sac.py,sac_her,sawyer_hammer,0,3,persistent,persistent,True,1024,10,8000000,0.5,0.8,0.0,14347444,False,d_konoki/continual_sac/tfyyyp0i,gl057.hpc.nyu.edu,running
run-20260525_053801-x1g6psc3,x1g6psc3,20260525_053801,run_continual_sac.py,sac_her,sawyer_hammer,0,2,persistent,persistent,True,1024,10,8000000,1.0,1.0,1.0,14321885,False,d_konoki/continual_sac/x1g6psc3,gl057.hpc.nyu.edu,running
run-20260525_053801-zt5k11wz,zt5k11wz,20260525_053801,run_continual_sac.py,sac_her,sawyer_hammer,0,1,persistent,persistent,True,1024,10,8000000,0.9,0.8,1.0,14344065,False,d_konoki/continual_sac/zt5k11wz,gl057.hpc.nyu.edu,running
run-20260525_060200-7crhsw50,7crhsw50,20260525_060200,run_continual_sac.py,sac_her,sawyer_hammer,0,6,persistent,persistent,True,1024,10,8000000,0.6,0.8,1.0,14328427,False,d_konoki/continual_sac/7crhsw50,gl053.hpc.nyu.edu,running
run-20260525_060200-dog6el1h,dog6el1h,20260525_060200,run_continual_sac.py,sac_her,sawyer_hammer,0,4,persistent,persistent,True,1024,10,8000000,0.5,0.5,0.0,14317249,False,d_konoki/continual_sac/dog6el1h,gl053.hpc.nyu.edu,running
run-20260525_060201-zbtybk1a,zbtybk1a,20260525_060201,run_continual_sac.py,sac_her,sawyer_hammer,0,5,persistent,persistent,True,1024,10,8000000,1.0,0.9,1.0,14329866,False,d_konoki/continual_sac/zbtybk1a,gl053.hpc.nyu.edu,running
run-20260525_060203-c4r11klm,c4r11klm,20260525_060203,run_continual_sac.py,sac_her,sawyer_hammer,0,4,reset,reset,True,1024,10,8000000,0.0,1.0,0.0,14136283,False,d_konoki/continual_sac/c4r11klm,gl035.hpc.nyu.edu,running
run-20260525_060203-p0bvo155,p0bvo155,20260525_060203,run_continual_sac.py,sac_her,sawyer_hammer,0,5,reset,reset,True,1024,10,8000000,0.5,0.1,1.0,14142943,False,d_konoki/continual_sac/p0bvo155,gl035.hpc.nyu.edu,running
run-20260525_060204-d2halo11,d2halo11,20260525_060204,run_continual_sac.py,sac_her,sawyer_hammer,0,6,reset,reset,True,1024,10,8000000,0.1,0.0,0.0,14134837,False,d_konoki/continual_sac/d2halo11,gl035.hpc.nyu.edu,running
run-20260525_070851-emi69q95,emi69q95,20260525_070851,run_continual_sac.py,sac_her,sawyer_window_close,8,6,reset,reset,True,256,10,8000000,0.2,0.14444444444444446,0.0,7049038,False,d_konoki/continual_sac/emi69q95,gl027.hpc.nyu.edu,running
run-20260525_070902-sdi0no6e,sdi0no6e,20260525_070902,run_continual_sac.py,sac_her,sawyer_window_close,8,4,reset,reset,True,256,10,8000000,0.2,0.15555555555555556,0.0,7050618,False,d_konoki/continual_sac/sdi0no6e,gl027.hpc.nyu.edu,running
run-20260525_070916-1ine3f7r,1ine3f7r,20260525_070916,run_continual_sac.py,sac_her,sawyer_window_close,8,5,reset,reset,True,256,10,8000000,0.3,0.05555555555555555,0.0,7046827,False,d_konoki/continual_sac/1ine3f7r,gl027.hpc.nyu.edu,running
run-20260525_082736-2frhk7qh,2frhk7qh,20260525_082736,run_continual_sac.py,sac_her,sawyer_shelf_place,7,4,persistent,persistent,True,256,10,8000000,0.0,0.0,0.0,8098977,False,d_konoki/continual_sac/2frhk7qh,gl042.hpc.nyu.edu,running
run-20260525_083306-2ijb2qee,2ijb2qee,20260525_083306,run_continual_sac.py,sac_her,sawyer_shelf_place,7,5,persistent,persistent,True,256,10,8000000,0.0,0.025,0.0,8113008,False,d_konoki/continual_sac/2ijb2qee,gl042.hpc.nyu.edu,running
run-20260525_084053-uarqjqqe,uarqjqqe,20260525_084053,run_continual_sac.py,sac_her,sawyer_shelf_place,7,6,persistent,persistent,True,256,10,8000000,0.0,0.0375,0.0,8079149,False,d_konoki/continual_sac/uarqjqqe,gl042.hpc.nyu.edu,running
run-20260525_105158-1qgqsi65,1qgqsi65,20260525_105158,run_continual_sac.py,sac_her,sawyer_peg_unplug_side,9,6,reset,reset,True,256,10,8000000,0.0,0.0,0.0,6749160,False,d_konoki/continual_sac/1qgqsi65,gl027.hpc.nyu.edu,running
run-20260525_105214-gdhj4i94,gdhj4i94,20260525_105214,run_continual_sac.py,sac_her,sawyer_peg_unplug_side,9,4,reset,reset,True,256,10,8000000,0.0,0.0,0.0,6751342,False,d_konoki/continual_sac/gdhj4i94,gl027.hpc.nyu.edu,running
run-20260525_105225-mlz0pt8n,mlz0pt8n,20260525_105225,run_continual_sac.py,sac_her,sawyer_peg_unplug_side,9,5,reset,reset,True,256,10,8000000,0.0,0.0,0.0,6749107,False,d_konoki/continual_sac/mlz0pt8n,gl027.hpc.nyu.edu,running
run-20260525_124733-pzqa696f,pzqa696f,20260525_124733,run_continual_sac.py,sac_her,sawyer_window_close,8,4,persistent,persistent,True,256,10,8000000,0.2,0.06666666666666667,0.0,8862904,False,d_konoki/continual_sac/pzqa696f,gl042.hpc.nyu.edu,running
run-20260525_125411-0upcevio,0upcevio,20260525_125411,run_continual_sac.py,sac_her,sawyer_window_close,8,5,persistent,persistent,True,256,10,8000000,0.3,0.03333333333333333,1.0,8877851,False,d_konoki/continual_sac/0upcevio,gl042.hpc.nyu.edu,running
run-20260525_130014-ewlqhk3d,ewlqhk3d,20260525_130014,run_continual_sac.py,sac_her,sawyer_window_close,8,6,persistent,persistent,True,256,10,8000000,0.2,0.03333333333333334,0.0,8875287,False,d_konoki/continual_sac/ewlqhk3d,gl042.hpc.nyu.edu,running
run-20260525_134118-n6dq18s4,n6dq18s4,20260525_134118,run_continual_sac.py,sac_her,sawyer_push_wall,1,2,reset,reset,True,1024,10,8000000,0.0,0.0,0.0,14050090,False,d_konoki/continual_sac/n6dq18s4,gl010.hpc.nyu.edu,running
run-20260525_134121-g1h81lj3,g1h81lj3,20260525_134121,run_continual_sac.py,sac_her,sawyer_push_wall,1,1,reset,reset,True,1024,10,8000000,0.0,0.0,0.0,14052919,False,d_konoki/continual_sac/g1h81lj3,gl010.hpc.nyu.edu,running
run-20260525_134125-rx6a988x,rx6a988x,20260525_134125,run_continual_sac.py,sac_her,sawyer_push_wall,1,3,reset,reset,True,1024,10,8000000,0.0,0.0,0.0,14060329,False,d_konoki/continual_sac/rx6a988x,gl010.hpc.nyu.edu,running
run-20260525_134804-7t3i4gz0,7t3i4gz0,20260525_134804,run_continual_sac.py,sac_her,sawyer_push_wall,1,2,persistent,persistent,True,1024,10,8000000,0.0,0.0,0.0,14265122,False,d_konoki/continual_sac/7t3i4gz0,gl057.hpc.nyu.edu,running
run-20260525_134816-f570m9mc,f570m9mc,20260525_134816,run_continual_sac.py,sac_her,sawyer_push_wall,1,1,persistent,persistent,True,1024,10,8000000,0.0,0.25,0.0,14268585,False,d_konoki/continual_sac/f570m9mc,gl057.hpc.nyu.edu,running
run-20260525_134820-pwn1fcvr,pwn1fcvr,20260525_134820,run_continual_sac.py,sac_her,sawyer_push_wall,1,3,persistent,persistent,True,1024,10,8000000,0.0,0.35,0.0,14264760,False,d_konoki/continual_sac/pwn1fcvr,gl057.hpc.nyu.edu,running
run-20260525_140412-px66u3w8,px66u3w8,20260525_140412,run_continual_sac.py,sac_her,sawyer_push_wall,1,5,reset,reset,True,1024,10,8000000,0.0,0.0,0.0,14067282,False,d_konoki/continual_sac/px66u3w8,gl035.hpc.nyu.edu,running
run-20260525_140413-kj9pclfl,kj9pclfl,20260525_140413,run_continual_sac.py,sac_her,sawyer_push_wall,1,6,reset,reset,True,1024,10,8000000,0.0,0.0,0.0,14065163,False,d_konoki/continual_sac/kj9pclfl,gl035.hpc.nyu.edu,running
run-20260525_140413-uxfwwuk9,uxfwwuk9,20260525_140413,run_continual_sac.py,sac_her,sawyer_push_wall,1,4,reset,reset,True,1024,10,8000000,0.0,0.0,0.0,14067604,False,d_konoki/continual_sac/uxfwwuk9,gl035.hpc.nyu.edu,running
run-20260525_141231-t9q396vs,t9q396vs,20260525_141231,run_continual_sac.py,sac_her,sawyer_push_wall,1,4,persistent,persistent,True,1024,10,8000000,0.0,0.0,0.0,14278562,False,d_konoki/continual_sac/t9q396vs,gl053.hpc.nyu.edu,running
run-20260525_141244-26bgdpdn,26bgdpdn,20260525_141244,run_continual_sac.py,sac_her,sawyer_push_wall,1,5,persistent,persistent,True,1024,10,8000000,0.0,0.15,0.0,14276908,False,d_konoki/continual_sac/26bgdpdn,gl053.hpc.nyu.edu,running
run-20260525_141249-1gaezcg0,1gaezcg0,20260525_141249,run_continual_sac.py,sac_her,sawyer_push_wall,1,6,persistent,persistent,True,1024,10,8000000,0.0,0.3,0.0,14280341,False,d_konoki/continual_sac/1gaezcg0,gl053.hpc.nyu.edu,running
run-20260525_173513-bogih314,bogih314,20260525_173513,run_continual_sac.py,sac_her,sawyer_peg_unplug_side,9,4,persistent,persistent,True,256,10,8000000,0.0,0.06,0.0,8043634,False,d_konoki/continual_sac/bogih314,gl042.hpc.nyu.edu,running
run-20260525_174222-lljjltbn,lljjltbn,20260525_174222,run_continual_sac.py,sac_her,sawyer_peg_unplug_side,9,5,persistent,persistent,True,256,10,8000000,0.0,0.06999999999999999,0.0,8075354,False,d_konoki/continual_sac/lljjltbn,gl042.hpc.nyu.edu,running
run-20260525_174824-htci1jfw,htci1jfw,20260525_174824,run_continual_sac.py,sac_her,sawyer_peg_unplug_side,9,6,persistent,persistent,True,256,10,8000000,0.1,0.06000000000000001,0.0,8053788,False,d_konoki/continual_sac/htci1jfw,gl042.hpc.nyu.edu,running
run-20260525_214306-uvdkvm64,uvdkvm64,20260525_214306,run_continual_sac.py,sac_her,sawyer_faucet_close,2,2,reset,reset,True,1024,10,8000000,0.6,0.06666666666666667,1.0,14105639,False,d_konoki/continual_sac/uvdkvm64,gl010.hpc.nyu.edu,running
run-20260525_214313-rj1uxgwz,rj1uxgwz,20260525_214313,run_continual_sac.py,sac_her,sawyer_faucet_close,2,1,reset,reset,True,1024,10,8000000,0.0,0.0,0.0,14095754,False,d_konoki/continual_sac/rj1uxgwz,gl010.hpc.nyu.edu,running
run-20260525_214314-ss6ncsqm,ss6ncsqm,20260525_214314,run_continual_sac.py,sac_her,sawyer_faucet_close,2,3,reset,reset,True,1024,10,8000000,0.6,0.2333333333333333,1.0,14109551,False,d_konoki/continual_sac/ss6ncsqm,gl010.hpc.nyu.edu,running
run-20260525_215615-wrtwmkhs,wrtwmkhs,20260525_215615,run_continual_sac.py,sac_her,sawyer_faucet_close,2,2,persistent,persistent,True,1024,10,8000000,0.0,0.0,0.0,14228177,False,d_konoki/continual_sac/wrtwmkhs,gl057.hpc.nyu.edu,running
run-20260525_215616-felpg4bs,felpg4bs,20260525_215616,run_continual_sac.py,sac_her,sawyer_faucet_close,2,3,persistent,persistent,True,1024,10,8000000,0.0,0.0,0.0,14211077,False,d_konoki/continual_sac/felpg4bs,gl057.hpc.nyu.edu,running
run-20260525_215619-q9726crc,q9726crc,20260525_215619,run_continual_sac.py,sac_her,sawyer_faucet_close,2,1,persistent,persistent,True,1024,10,8000000,0.6,0.13333333333333333,0.0,14221032,False,d_konoki/continual_sac/q9726crc,gl057.hpc.nyu.edu,running
run-20260525_220336-9vjdt6qe,9vjdt6qe,20260525_220336,run_continual_sac.py,sac_her,sawyer_faucet_close,2,4,reset,reset,True,1024,10,8000000,0.4,0.16666666666666666,1.0,14038458,False,d_konoki/continual_sac/9vjdt6qe,gl035.hpc.nyu.edu,running
run-20260525_220336-j580h1d5,j580h1d5,20260525_220336,run_continual_sac.py,sac_her,sawyer_faucet_close,2,6,reset,reset,True,1024,10,8000000,0.4,0.13333333333333333,0.0,14040617,False,d_konoki/continual_sac/j580h1d5,gl035.hpc.nyu.edu,running
run-20260525_220337-mc2khqmk,mc2khqmk,20260525_220337,run_continual_sac.py,sac_her,sawyer_faucet_close,2,5,reset,reset,True,1024,10,8000000,0.2,0.06666666666666667,0.0,14043637,False,d_konoki/continual_sac/mc2khqmk,gl035.hpc.nyu.edu,running
run-20260525_222135-cyz8ozsm,cyz8ozsm,20260525_222135,run_continual_sac.py,sac_her,sawyer_faucet_close,2,4,persistent,persistent,True,1024,10,8000000,0.6,0.20000000000000004,0.0,14248522,False,d_konoki/continual_sac/cyz8ozsm,gl053.hpc.nyu.edu,running
run-20260525_222149-u7k5zqj4,u7k5zqj4,20260525_222149,run_continual_sac.py,sac_her,sawyer_faucet_close,2,6,persistent,persistent,True,1024,10,8000000,0.3,0.03333333333333333,0.0,14242564,False,d_konoki/continual_sac/u7k5zqj4,gl053.hpc.nyu.edu,running
run-20260525_222151-qu5tphdi,qu5tphdi,20260525_222151,run_continual_sac.py,sac_her,sawyer_faucet_close,2,5,persistent,persistent,True,1024,10,8000000,0.2,0.3666666666666667,0.0,14255608,False,d_konoki/continual_sac/qu5tphdi,gl053.hpc.nyu.edu,running
run-20260526_054717-5s3jmff7,5s3jmff7,20260526_054717,run_continual_sac.py,sac_her,sawyer_push_back,3,1,reset,reset,True,1024,10,8000000,0.0,0.0,0.0,14087186,False,d_konoki/continual_sac/5s3jmff7,gl010.hpc.nyu.edu,running
run-20260526_054719-4gw3o7ak,4gw3o7ak,20260526_054719,run_continual_sac.py,sac_her,sawyer_push_back,3,2,reset,reset,True,1024,10,8000000,0.0,0.0,0.0,14085054,False,d_konoki/continual_sac/4gw3o7ak,gl010.hpc.nyu.edu,running
run-20260526_054723-ak9rlgmx,ak9rlgmx,20260526_054723,run_continual_sac.py,sac_her,sawyer_push_back,3,3,reset,reset,True,1024,10,8000000,0.0,0.0,0.0,14088511,False,d_konoki/continual_sac/ak9rlgmx,gl010.hpc.nyu.edu,running
run-20260526_060149-vvdodxwu,vvdodxwu,20260526_060149,run_continual_sac.py,sac_her,sawyer_push_back,3,2,persistent,persistent,True,1024,10,8000000,0.0,0.025,0.0,14175632,False,d_konoki/continual_sac/vvdodxwu,gl057.hpc.nyu.edu,running
run-20260526_060151-00gfkkh9,00gfkkh9,20260526_060151,run_continual_sac.py,sac_her,sawyer_push_back,3,1,persistent,persistent,True,1024,10,8000000,0.0,0.1,0.0,14159814,False,d_konoki/continual_sac/00gfkkh9,gl057.hpc.nyu.edu,running
run-20260526_060152-p381lpq8,p381lpq8,20260526_060152,run_continual_sac.py,sac_her,sawyer_push_back,3,3,persistent,persistent,True,1024,10,8000000,0.0,0.0,0.0,14168078,False,d_konoki/continual_sac/p381lpq8,gl057.hpc.nyu.edu,running
run-20260526_060236-vg7pxj74,vg7pxj74,20260526_060236,run_continual_sac.py,sac_her,sawyer_push_back,3,5,reset,reset,True,1024,10,8000000,0.0,0.0,0.0,13961303,False,d_konoki/continual_sac/vg7pxj74,gl035.hpc.nyu.edu,running
run-20260526_060237-8692ijum,8692ijum,20260526_060237,run_continual_sac.py,sac_her,sawyer_push_back,3,6,reset,reset,True,1024,10,8000000,0.0,0.0,0.0,13958410,False,d_konoki/continual_sac/8692ijum,gl035.hpc.nyu.edu,running
run-20260526_060239-mkhzqsgc,mkhzqsgc,20260526_060239,run_continual_sac.py,sac_her,sawyer_push_back,3,4,reset,reset,True,1024,10,8000000,0.0,0.0,0.0,13962219,False,d_konoki/continual_sac/mkhzqsgc,gl035.hpc.nyu.edu,running
run-20260526_062944-zuafe7hw,zuafe7hw,20260526_062944,run_continual_sac.py,sac_her,sawyer_push_back,3,4,persistent,persistent,True,1024,10,8000000,0.0,0.25,0.0,14167498,False,d_konoki/continual_sac/zuafe7hw,gl053.hpc.nyu.edu,running
run-20260526_062947-1ldqtyh5,1ldqtyh5,20260526_062947,run_continual_sac.py,sac_her,sawyer_push_back,3,6,persistent,persistent,True,1024,10,8000000,0.0,0.05,0.0,14175384,False,d_konoki/continual_sac/1ldqtyh5,gl053.hpc.nyu.edu,running
run-20260526_062947-gh7moq07,gh7moq07,20260526_062947,run_continual_sac.py,sac_her,sawyer_push_back,3,5,persistent,persistent,True,1024,10,8000000,0.0,0.0,0.0,14174225,False,d_konoki/continual_sac/gh7moq07,gl053.hpc.nyu.edu,running
run-20260526_134956-ink0c203,ink0c203,20260526_134956,run_continual_sac.py,sac_her,sawyer_stick_pull,4,2,reset,reset,True,1024,10,8000000,0.0,0.0,0.0,14172499,False,d_konoki/continual_sac/ink0c203,gl010.hpc.nyu.edu,running
run-20260526_134958-dk1m7ris,dk1m7ris,20260526_134958,run_continual_sac.py,sac_her,sawyer_stick_pull,4,1,reset,reset,True,1024,10,8000000,0.0,0.2,0.0,14168708,False,d_konoki/continual_sac/dk1m7ris,gl010.hpc.nyu.edu,running
run-20260526_135002-fxkkrb8n,fxkkrb8n,20260526_135002,run_continual_sac.py,sac_her,sawyer_stick_pull,4,3,reset,reset,True,1024,10,8000000,1.0,0.38,1.0,14186948,False,d_konoki/continual_sac/fxkkrb8n,gl010.hpc.nyu.edu,running
run-20260526_135933-3i7rpwog,3i7rpwog,20260526_135933,run_continual_sac.py,sac_her,sawyer_stick_pull,4,4,reset,reset,True,1024,10,8000000,0.7,0.12,0.0,14167114,False,d_konoki/continual_sac/3i7rpwog,gl035.hpc.nyu.edu,running
run-20260526_135938-dlcw0m83,dlcw0m83,20260526_135938,run_continual_sac.py,sac_her,sawyer_stick_pull,4,5,reset,reset,True,1024,10,8000000,1.0,0.26,1.0,14174087,False,d_konoki/continual_sac/dlcw0m83,gl035.hpc.nyu.edu,running
run-20260526_135947-1l3ih44a,1l3ih44a,20260526_135947,run_continual_sac.py,sac_her,sawyer_stick_pull,4,6,reset,reset,True,1024,10,8000000,0.0,0.12,0.0,14158762,False,d_konoki/continual_sac/1l3ih44a,gl035.hpc.nyu.edu,running
run-20260526_140711-fn5bavp9,fn5bavp9,20260526_140711,run_continual_sac.py,sac_her,sawyer_stick_pull,4,2,persistent,persistent,True,1024,10,8000000,0.0,0.2,0.0,14975547,False,d_konoki/continual_sac/fn5bavp9,gl057.hpc.nyu.edu,running
run-20260526_140713-xdvzy3b0,xdvzy3b0,20260526_140713,run_continual_sac.py,sac_her,sawyer_stick_pull,4,1,persistent,persistent,True,1024,10,8000000,0.0,0.0,0.0,14973019,False,d_konoki/continual_sac/xdvzy3b0,gl057.hpc.nyu.edu,running
run-20260526_140714-80cztuvr,80cztuvr,20260526_140714,run_continual_sac.py,sac_her,sawyer_stick_pull,4,3,persistent,persistent,True,1024,10,8000000,0.1,0.13999999999999999,1.0,14995244,False,d_konoki/continual_sac/80cztuvr,gl057.hpc.nyu.edu,running
run-20260526_143817-jnq8vtwl,jnq8vtwl,20260526_143817,run_continual_sac.py,sac_her,sawyer_stick_pull,4,5,persistent,persistent,True,1024,10,8000000,0.1,0.2,0.0,14384232,False,d_konoki/continual_sac/jnq8vtwl,gl053.hpc.nyu.edu,running
run-20260526_143851-r6c6tdub,r6c6tdub,20260526_143851,run_continual_sac.py,sac_her,sawyer_stick_pull,4,6,persistent,persistent,True,1024,10,8000000,1.0,0.13999999999999999,1.0,14333885,False,d_konoki/continual_sac/r6c6tdub,gl053.hpc.nyu.edu,running
run-20260526_143853-6b687ou6,6b687ou6,20260526_143853,run_continual_sac.py,sac_her,sawyer_stick_pull,4,4,persistent,persistent,True,1024,10,8000000,0.0,0.0,0.0,14342897,False,d_konoki/continual_sac/6b687ou6,gl053.hpc.nyu.edu,running
run-20260526_215514-0nd53hmy,0nd53hmy,20260526_215514,run_continual_sac.py,sac_her,sawyer_handle_press_side,5,1,reset,reset,True,1024,10,8000000,0.1,,0.0,13437182,False,,gl010.hpc.nyu.edu,running
run-20260526_215526-i3doma8q,i3doma8q,20260526_215526,run_continual_sac.py,sac_her,sawyer_handle_press_side,5,2,reset,reset,True,1024,10,8000000,0.1,,0.0,13435373,False,,gl010.hpc.nyu.edu,running
run-20260526_215534-unu1xs56,unu1xs56,20260526_215534,run_continual_sac.py,sac_her,sawyer_handle_press_side,5,3,reset,reset,True,1024,10,8000000,0.1,,0.0,13435704,False,,gl010.hpc.nyu.edu,running
run-20260526_220256-7y0ohn9l,7y0ohn9l,20260526_220256,run_continual_sac.py,sac_her,sawyer_handle_press_side,5,4,reset,reset,True,1024,10,8000000,0.1,,0.0,13402263,False,,gl035.hpc.nyu.edu,running
run-20260526_220257-vpcz5i0h,vpcz5i0h,20260526_220257,run_continual_sac.py,sac_her,sawyer_handle_press_side,5,6,reset,reset,True,1024,10,8000000,0.0,,0.0,13402808,False,,gl035.hpc.nyu.edu,running
run-20260526_220258-wb7wb6i4,wb7wb6i4,20260526_220258,run_continual_sac.py,sac_her,sawyer_handle_press_side,5,5,reset,reset,True,1024,10,8000000,0.1,,0.0,13402380,False,,gl035.hpc.nyu.edu,running
run-20260526_224358-nx6bfu65,nx6bfu65,20260526_224358,run_continual_sac.py,sac_her,sawyer_handle_press_side,5,1,persistent,persistent,True,1024,10,8000000,0.0,,0.0,11960465,False,,gl057.hpc.nyu.edu,running
run-20260526_224404-q80s7fir,q80s7fir,20260526_224404,run_continual_sac.py,sac_her,sawyer_handle_press_side,5,2,persistent,persistent,True,1024,10,8000000,0.1,,0.0,11960684,False,,gl057.hpc.nyu.edu,running
run-20260526_224442-xjs4moju,xjs4moju,20260526_224442,run_continual_sac.py,sac_her,sawyer_handle_press_side,5,3,persistent,persistent,True,1024,10,8000000,0.1,,0.0,11928150,False,,gl057.hpc.nyu.edu,running
run-20260526_225338-14rwdroy,14rwdroy,20260526_225338,run_continual_sac.py,sac_her,sawyer_handle_press_side,5,4,persistent,persistent,True,1024,10,8000000,0.1,,0.0,11798256,False,,gl053.hpc.nyu.edu,running
run-20260526_225347-ppvy158r,ppvy158r,20260526_225347,run_continual_sac.py,sac_her,sawyer_handle_press_side,5,6,persistent,persistent,True,1024,10,8000000,0.4,,0.0,11829371,False,,gl053.hpc.nyu.edu,running
run-20260526_225357-7zqpiq99,7zqpiq99,20260526_225357,run_continual_sac.py,sac_her,sawyer_handle_press_side,5,5,persistent,persistent,True,1024,10,8000000,0.1,,0.0,11829356,False,,gl053.hpc.nyu.edu,running
run-20260527_055032-abn1q93r,abn1q93r,20260527_055032,run_continual_sac.py,sac_her,sawyer_handle_press_side,5,2,reset,reset,True,1024,10,8000000,0.1,,1.0,65853,False,,gl041.hpc.nyu.edu,running
run-20260527_055032-f12be7fu,f12be7fu,20260527_055032,run_continual_sac.py,sac_her,sawyer_handle_press_side,5,1,reset,reset,True,1024,10,8000000,0.0,,0.0,65909,False,,gl041.hpc.nyu.edu,running
run-20260527_055112-2378o4a9,2378o4a9,20260527_055112,run_continual_sac.py,sac_her,sawyer_handle_press_side,5,2,persistent,persistent,True,1024,10,8000000,,,0.0,66074,False,,gl030.hpc.nyu.edu,running
run-20260527_055112-ph7is4q0,ph7is4q0,20260527_055112,run_continual_sac.py,sac_her,sawyer_handle_press_side,5,1,persistent,persistent,True,1024,10,8000000,,,0.0,66124,False,,gl030.hpc.nyu.edu,running
run-20260527_055441-2olxh63f,2olxh63f,20260527_055441,run_continual_sac.py,sac_her,sawyer_handle_press_side,5,1,reset,reset,True,1024,10,8000000,0.1,0.03333333333333333,0.0,14438420,False,d_konoki/continual_sac/2olxh63f,gl054.hpc.nyu.edu,running
run-20260527_055441-gkej26qr,gkej26qr,20260527_055441,run_continual_sac.py,sac_her,sawyer_handle_press_side,5,2,reset,reset,True,1024,10,8000000,0.0,0.0,1.0,14431228,False,d_konoki/continual_sac/gkej26qr,gl054.hpc.nyu.edu,running
run-20260527_055441-nkbba062,nkbba062,20260527_055441,run_continual_sac.py,sac_her,sawyer_handle_press_side,5,3,reset,reset,True,1024,10,8000000,0.0,0.016666666666666666,0.0,14432901,False,d_konoki/continual_sac/nkbba062,gl054.hpc.nyu.edu,running
run-20260527_055515-bozt7if9,bozt7if9,20260527_055515,run_continual_sac.py,sac_her,sawyer_handle_press_side,5,1,persistent,persistent,True,1024,10,8000000,0.1,0.19999999999999998,0.0,15850853,False,d_konoki/continual_sac/bozt7if9,gl060.hpc.nyu.edu,running
run-20260527_055515-ug08ixaj,ug08ixaj,20260527_055515,run_continual_sac.py,sac_her,sawyer_handle_press_side,5,3,persistent,persistent,True,1024,10,8000000,0.0,0.0,0.0,15844667,False,d_konoki/continual_sac/ug08ixaj,gl060.hpc.nyu.edu,running
run-20260527_055516-w7s2ontd,w7s2ontd,20260527_055516,run_continual_sac.py,sac_her,sawyer_handle_press_side,5,2,persistent,persistent,True,1024,10,8000000,0.0,0.16666666666666666,0.0,15845655,False,d_konoki/continual_sac/w7s2ontd,gl060.hpc.nyu.edu,running
run-20260527_060308-ghs7u1kg,ghs7u1kg,20260527_060308,run_continual_sac.py,sac_her,sawyer_handle_press_side,5,4,reset,reset,True,1024,10,8000000,0.1,0.0,0.0,14905462,False,d_konoki/continual_sac/ghs7u1kg,gl011.hpc.nyu.edu,running
run-20260527_060309-gbi7szq6,gbi7szq6,20260527_060309,run_continual_sac.py,sac_her,sawyer_handle_press_side,5,6,reset,reset,True,1024,10,8000000,0.2,0.0,0.0,14907483,False,d_konoki/continual_sac/gbi7szq6,gl011.hpc.nyu.edu,running
run-20260527_060309-ndhde5qa,ndhde5qa,20260527_060309,run_continual_sac.py,sac_her,sawyer_handle_press_side,5,5,reset,reset,True,1024,10,8000000,0.0,0.0,0.0,14902985,False,d_konoki/continual_sac/ndhde5qa,gl011.hpc.nyu.edu,running
run-20260527_061027-9lu2ap7j,9lu2ap7j,20260527_061027,run_continual_sac.py,sac_her,sawyer_handle_press_side,5,4,persistent,persistent,True,1024,10,8000000,0.0,0.016666666666666666,0.0,14842040,False,d_konoki/continual_sac/9lu2ap7j,gl067.hpc.nyu.edu,running
run-20260527_061028-b7bpe84l,b7bpe84l,20260527_061028,run_continual_sac.py,sac_her,sawyer_handle_press_side,5,6,persistent,persistent,True,1024,10,8000000,0.2,0.049999999999999996,1.0,14834859,False,d_konoki/continual_sac/b7bpe84l,gl067.hpc.nyu.edu,running
run-20260527_061028-jebq31rc,jebq31rc,20260527_061028,run_continual_sac.py,sac_her,sawyer_handle_press_side,5,5,persistent,persistent,True,1024,10,8000000,0.0,0.049999999999999996,0.0,14840993,False,d_konoki/continual_sac/jebq31rc,gl067.hpc.nyu.edu,running
run-20260527_140754-4r74d78w,4r74d78w,20260527_140754,run_continual_sac.py,sac_her,sawyer_push,6,1,reset,reset,True,1024,10,8000000,1.0,0.18571428571428572,0.0,14374776,False,d_konoki/continual_sac/4r74d78w,gl054.hpc.nyu.edu,running
run-20260527_140756-iq2mpo43,iq2mpo43,20260527_140756,run_continual_sac.py,sac_her,sawyer_push,6,3,reset,reset,True,1024,10,8000000,0.0,0.0,0.0,14362707,False,d_konoki/continual_sac/iq2mpo43,gl054.hpc.nyu.edu,running
run-20260527_140757-d1lou7na,d1lou7na,20260527_140757,run_continual_sac.py,sac_her,sawyer_push,6,2,reset,reset,True,1024,10,8000000,0.0,0.14285714285714285,0.0,14373274,False,d_konoki/continual_sac/d1lou7na,gl054.hpc.nyu.edu,running
run-20260527_143457-ud8hgciy,ud8hgciy,20260527_143457,run_continual_sac.py,sac_her,sawyer_push,6,6,reset,reset,True,1024,10,8000000,0.0,0.12857142857142856,0.0,14076583,False,d_konoki/continual_sac/ud8hgciy,gl011.hpc.nyu.edu,running
run-20260527_143502-3aq3duyd,3aq3duyd,20260527_143502,run_continual_sac.py,sac_her,sawyer_push,6,5,reset,reset,True,1024,10,8000000,0.0,0.07142857142857142,0.0,14066205,False,d_konoki/continual_sac/3aq3duyd,gl011.hpc.nyu.edu,running
run-20260527_143504-untk3pnk,untk3pnk,20260527_143504,run_continual_sac.py,sac_her,sawyer_push,6,4,reset,reset,True,1024,10,8000000,0.0,0.05714285714285715,0.0,14068662,False,d_konoki/continual_sac/untk3pnk,gl011.hpc.nyu.edu,running
run-20260527_144041-0jqod95a,0jqod95a,20260527_144041,run_continual_sac.py,sac_her,sawyer_push,6,6,persistent,persistent,True,1024,10,8000000,0.0,0.09999999999999999,0.0,14034134,False,d_konoki/continual_sac/0jqod95a,gl067.hpc.nyu.edu,running
run-20260527_144041-fr9gidu2,fr9gidu2,20260527_144041,run_continual_sac.py,sac_her,sawyer_push,6,4,persistent,persistent,True,1024,10,8000000,0.0,0.04285714285714286,0.0,14034063,False,d_konoki/continual_sac/fr9gidu2,gl067.hpc.nyu.edu,running
run-20260527_144044-q3m1wxd7,q3m1wxd7,20260527_144044,run_continual_sac.py,sac_her,sawyer_push,6,5,persistent,persistent,True,1024,10,8000000,0.0,0.15714285714285717,0.0,14031950,False,d_konoki/continual_sac/q3m1wxd7,gl067.hpc.nyu.edu,running
run-20260527_150414-asl63ic6,asl63ic6,20260527_150414,run_continual_sac.py,sac_her,sawyer_push,6,3,persistent,persistent,True,1024,10,8000000,0.6,0.21428571428571427,1.0,14619321,False,d_konoki/continual_sac/asl63ic6,gl060.hpc.nyu.edu,running
run-20260527_150420-0iekucdt,0iekucdt,20260527_150420,run_continual_sac.py,sac_her,sawyer_push,6,2,persistent,persistent,True,1024,10,8000000,0.0,0.14285714285714285,0.0,14605177,False,d_konoki/continual_sac/0iekucdt,gl060.hpc.nyu.edu,running
run-20260527_150421-pcitviay,pcitviay,20260527_150421,run_continual_sac.py,sac_her,sawyer_push,6,1,persistent,persistent,True,1024,10,8000000,0.0,0.15714285714285717,0.0,14601786,False,d_konoki/continual_sac/pcitviay,gl060.hpc.nyu.edu,running
run-20260527_221852-1mqjdm6w,1mqjdm6w,20260527_221852,run_continual_sac.py,sac_her,sawyer_shelf_place,7,3,reset,reset,True,1024,10,8000000,0.0,0.0,0.0,14009765,False,d_konoki/continual_sac/1mqjdm6w,gl054.hpc.nyu.edu,running
run-20260527_221901-il5pw9he,il5pw9he,20260527_221901,run_continual_sac.py,sac_her,sawyer_shelf_place,7,1,reset,reset,True,1024,10,8000000,0.0,0.0,0.0,14015408,False,d_konoki/continual_sac/il5pw9he,gl054.hpc.nyu.edu,running
run-20260527_221902-2v12lcj3,2v12lcj3,20260527_221902,run_continual_sac.py,sac_her,sawyer_shelf_place,7,2,reset,reset,True,1024,10,8000000,0.0,0.0375,0.0,14017025,False,d_konoki/continual_sac/2v12lcj3,gl054.hpc.nyu.edu,running
run-20260527_223600-ukfw2gu1,ukfw2gu1,20260527_223600,run_continual_sac.py,sac_her,sawyer_shelf_place,7,6,reset,reset,True,1024,10,8000000,0.0,0.0,0.0,14067822,False,d_konoki/continual_sac/ukfw2gu1,gl011.hpc.nyu.edu,running
run-20260527_223601-7o62wyxi,7o62wyxi,20260527_223601,run_continual_sac.py,sac_her,sawyer_shelf_place,7,4,reset,reset,True,1024,10,8000000,0.0,0.025,0.0,14063380,False,d_konoki/continual_sac/7o62wyxi,gl011.hpc.nyu.edu,running
run-20260527_223606-m7ot9odd,m7ot9odd,20260527_223606,run_continual_sac.py,sac_her,sawyer_shelf_place,7,5,reset,reset,True,1024,10,8000000,0.0,0.0,0.0,14060583,False,d_konoki/continual_sac/m7ot9odd,gl011.hpc.nyu.edu,running
run-20260527_224018-zqfax1yd,zqfax1yd,20260527_224018,run_continual_sac.py,sac_her,sawyer_shelf_place,7,4,persistent,persistent,True,1024,10,8000000,0.0,0.0,0.0,14107365,False,d_konoki/continual_sac/zqfax1yd,gl067.hpc.nyu.edu,running
run-20260527_224019-yps62tv0,yps62tv0,20260527_224019,run_continual_sac.py,sac_her,sawyer_shelf_place,7,5,persistent,persistent,True,1024,10,8000000,0.0,0.0,0.0,14116841,False,d_konoki/continual_sac/yps62tv0,gl067.hpc.nyu.edu,running
run-20260527_224020-8wbpygnk,8wbpygnk,20260527_224020,run_continual_sac.py,sac_her,sawyer_shelf_place,7,6,persistent,persistent,True,1024,10,8000000,0.0,0.0,0.0,14114552,False,d_konoki/continual_sac/8wbpygnk,gl067.hpc.nyu.edu,running
run-20260527_232758-xjbqjkj2,xjbqjkj2,20260527_232758,run_continual_sac.py,sac_her,sawyer_shelf_place,7,2,persistent,persistent,True,1024,10,8000000,0.0,0.0,0.0,14136411,False,d_konoki/continual_sac/xjbqjkj2,gl060.hpc.nyu.edu,running
run-20260527_232801-55ny4vi1,55ny4vi1,20260527_232801,run_continual_sac.py,sac_her,sawyer_shelf_place,7,3,persistent,persistent,True,1024,10,8000000,0.0,0.2875,0.0,14158729,False,d_konoki/continual_sac/55ny4vi1,gl060.hpc.nyu.edu,running
run-20260527_232802-1b6wqm6h,1b6wqm6h,20260527_232802,run_continual_sac.py,sac_her,sawyer_shelf_place,7,1,persistent,persistent,True,1024,10,8000000,0.0,0.025,0.0,14134607,False,d_konoki/continual_sac/1b6wqm6h,gl060.hpc.nyu.edu,running
run-20260528_061745-hhau83sq,hhau83sq,20260528_061745,run_continual_sac.py,sac_her,sawyer_window_close,8,3,reset,reset,True,1024,10,8000000,0.2,0.17777777777777778,0.0,14124151,False,d_konoki/continual_sac/hhau83sq,gl054.hpc.nyu.edu,running
run-20260528_061748-rnk3mjyz,rnk3mjyz,20260528_061748,run_continual_sac.py,sac_her,sawyer_window_close,8,1,reset,reset,True,1024,10,8000000,0.6,0.03333333333333333,0.0,14144295,False,d_konoki/continual_sac/rnk3mjyz,gl054.hpc.nyu.edu,running
run-20260528_061751-vtzk8l11,vtzk8l11,20260528_061751,run_continual_sac.py,sac_her,sawyer_window_close,8,2,reset,reset,True,1024,10,8000000,0.5,0.03333333333333333,0.0,14126458,False,d_konoki/continual_sac/vtzk8l11,gl054.hpc.nyu.edu,running
run-20260528_063708-cbn0pq05,cbn0pq05,20260528_063708,run_continual_sac.py,sac_her,sawyer_window_close,8,4,reset,reset,True,1024,10,8000000,0.2,0.08888888888888889,1.0,14139632,False,d_konoki/continual_sac/cbn0pq05,gl011.hpc.nyu.edu,running
run-20260528_063708-pay0z686,pay0z686,20260528_063708,run_continual_sac.py,sac_her,sawyer_window_close,8,6,reset,reset,True,1024,10,8000000,0.2,0.09999999999999999,0.0,14141362,False,d_konoki/continual_sac/pay0z686,gl011.hpc.nyu.edu,running
run-20260528_063708-zp9hkwcp,zp9hkwcp,20260528_063708,run_continual_sac.py,sac_her,sawyer_window_close,8,5,reset,reset,True,1024,10,8000000,0.3,0.16666666666666666,1.0,14137268,False,d_konoki/continual_sac/zp9hkwcp,gl011.hpc.nyu.edu,running
run-20260528_064339-7a3l5u86,7a3l5u86,20260528_064339,run_continual_sac.py,sac_her,sawyer_window_close,8,4,persistent,persistent,True,1024,10,8000000,0.2,0.18888888888888888,0.0,14237675,False,d_konoki/continual_sac/7a3l5u86,gl067.hpc.nyu.edu,running
run-20260528_064345-y0peglm5,y0peglm5,20260528_064345,run_continual_sac.py,sac_her,sawyer_window_close,8,5,persistent,persistent,True,1024,10,8000000,0.3,0.13333333333333333,1.0,14240059,False,d_konoki/continual_sac/y0peglm5,gl067.hpc.nyu.edu,running
run-20260528_064347-8e9tbejl,8e9tbejl,20260528_064347,run_continual_sac.py,sac_her,sawyer_window_close,8,6,persistent,persistent,True,1024,10,8000000,0.2,0.022222222222222223,0.0,14223042,False,d_konoki/continual_sac/8e9tbejl,gl067.hpc.nyu.edu,running
run-20260528_073512-x8zo40t4,x8zo40t4,20260528_073512,run_continual_sac.py,sac_her,sawyer_window_close,8,2,persistent,persistent,True,1024,10,8000000,0.5,0.17777777777777778,0.0,14196619,False,d_konoki/continual_sac/x8zo40t4,gl060.hpc.nyu.edu,running
run-20260528_073515-7c0yxfs1,7c0yxfs1,20260528_073515,run_continual_sac.py,sac_her,sawyer_window_close,8,1,persistent,persistent,True,1024,10,8000000,0.6,0.06666666666666668,0.0,14198673,False,d_konoki/continual_sac/7c0yxfs1,gl060.hpc.nyu.edu,running
run-20260528_073515-c8riny4w,c8riny4w,20260528_073515,run_continual_sac.py,sac_her,sawyer_window_close,8,3,persistent,persistent,True,1024,10,8000000,0.2,0.13333333333333333,0.0,14196074,False,d_konoki/continual_sac/c8riny4w,gl060.hpc.nyu.edu,running
run-20260528_141917-7btle6i7,7btle6i7,20260528_141917,run_continual_sac.py,sac_her,sawyer_peg_unplug_side,9,3,reset,reset,True,1024,10,8000000,0.0,0.0,0.0,14094417,False,d_konoki/continual_sac/7btle6i7,gl054.hpc.nyu.edu,running
run-20260528_141920-k7xscv8j,k7xscv8j,20260528_141920,run_continual_sac.py,sac_her,sawyer_peg_unplug_side,9,2,reset,reset,True,1024,10,8000000,0.0,0.1,0.0,14078824,False,d_konoki/continual_sac/k7xscv8j,gl054.hpc.nyu.edu,running
run-20260528_141936-3rakztbx,3rakztbx,20260528_141936,run_continual_sac.py,sac_her,sawyer_peg_unplug_side,9,1,reset,reset,True,1024,10,8000000,0.0,0.0,0.0,14087181,False,d_konoki/continual_sac/3rakztbx,gl054.hpc.nyu.edu,running
run-20260528_143937-ao8y5zz6,ao8y5zz6,20260528_143937,run_continual_sac.py,sac_her,sawyer_peg_unplug_side,9,5,reset,reset,True,1024,10,8000000,0.0,0.1,0.0,14136936,False,d_konoki/continual_sac/ao8y5zz6,gl011.hpc.nyu.edu,running
run-20260528_143939-cpxt9wft,cpxt9wft,20260528_143939,run_continual_sac.py,sac_her,sawyer_peg_unplug_side,9,4,reset,reset,True,1024,10,8000000,0.0,0.0,0.0,14142629,False,d_konoki/continual_sac/cpxt9wft,gl011.hpc.nyu.edu,running
run-20260528_143940-xvp08e2r,xvp08e2r,20260528_143940,run_continual_sac.py,sac_her,sawyer_peg_unplug_side,9,6,reset,reset,True,1024,10,8000000,0.0,0.0,0.0,14142713,False,d_konoki/continual_sac/xvp08e2r,gl011.hpc.nyu.edu,running
run-20260528_145029-izrybd2b,izrybd2b,20260528_145029,run_continual_sac.py,sac_her,sawyer_peg_unplug_side,9,6,persistent,persistent,True,1024,10,8000000,0.0,0.04,0.0,14193165,False,d_konoki/continual_sac/izrybd2b,gl067.hpc.nyu.edu,running
run-20260528_145034-y09ou8ea,y09ou8ea,20260528_145034,run_continual_sac.py,sac_her,sawyer_peg_unplug_side,9,4,persistent,persistent,True,1024,10,8000000,0.0,0.1,0.0,14189059,False,d_konoki/continual_sac/y09ou8ea,gl067.hpc.nyu.edu,running
run-20260528_145045-gor4c5q2,gor4c5q2,20260528_145045,run_continual_sac.py,sac_her,sawyer_peg_unplug_side,9,5,persistent,persistent,True,1024,10,8000000,0.0,0.05,0.0,14190240,False,d_konoki/continual_sac/gor4c5q2,gl067.hpc.nyu.edu,running
run-20260528_154339-e5t2k0aj,e5t2k0aj,20260528_154339,run_continual_sac.py,sac_her,sawyer_peg_unplug_side,9,3,persistent,persistent,True,1024,10,8000000,0.1,0.06,0.0,14174698,False,d_konoki/continual_sac/e5t2k0aj,gl060.hpc.nyu.edu,running
run-20260528_154342-zp5i44d5,zp5i44d5,20260528_154342,run_continual_sac.py,sac_her,sawyer_peg_unplug_side,9,2,persistent,persistent,True,1024,10,8000000,0.0,0.08,0.0,14164109,False,d_konoki/continual_sac/zp5i44d5,gl060.hpc.nyu.edu,running
run-20260528_154343-o5m6j48g,o5m6j48g,20260528_154343,run_continual_sac.py,sac_her,sawyer_peg_unplug_side,9,1,persistent,persistent,True,1024,10,8000000,0.0,0.030000000000000006,0.0,14168363,False,d_konoki/continual_sac/o5m6j48g,gl060.hpc.nyu.edu,running
