run_id,dir,run_name,group,alg_name,actor_mode,critic_mode,seed,task_idx,env,network_width,step_penalty_reward,n_eval_rows,best_success,end_success,eval_mean_success
42k2z76y,run-20260419_095636-42k2z76y,task0_sawyer_hammer_s42,sac_test,contrastive_cpc,cka,persistent,42,0,sawyer_hammer,256,,1,0.5,0.5,
1w0j9ec3,run-20260428_144339-1w0j9ec3,task0_sawyer_hammer_s2,sac_test,sac_her,reset,reset,2,0,sawyer_hammer,256,,0,,,
r3vcn293,run-20260428_144339-r3vcn293,task0_sawyer_hammer_s1,sac_test,sac_her,reset,reset,1,0,sawyer_hammer,256,,0,,,
zaixsxy4,run-20260428_144339-zaixsxy4,task0_sawyer_hammer_s3,sac_test,sac_her,reset,reset,3,0,sawyer_hammer,256,,0,,,
posvxohv,run-20260428_144603-posvxohv,task0_sawyer_hammer_s3,sac_test,sac_her,persistent,persistent,3,0,sawyer_hammer,256,,0,,,
uwskjk3s,run-20260428_144603-uwskjk3s,task0_sawyer_hammer_s1,sac_test,sac_her,persistent,persistent,1,0,sawyer_hammer,256,,0,,,
x1reo30l,run-20260428_144603-x1reo30l,task0_sawyer_hammer_s2,sac_test,sac_her,persistent,persistent,2,0,sawyer_hammer,256,,0,,,
mvx64d5e,run-20260428_184847-mvx64d5e,task0_sawyer_hammer_s42,sac_test,sac_her,cka,persistent,42,0,sawyer_hammer,256,,7,1.0,1.0,
fp5gn7lc,run-20260429_101949-fp5gn7lc,task0_sawyer_hammer_s1,sac_test,sac_her,reset,reset,1,0,sawyer_hammer,256,,159,1.0,0.8,0.5
lp1t72iv,run-20260429_101949-lp1t72iv,task0_sawyer_hammer_s3,sac_test,sac_her,reset,reset,3,0,sawyer_hammer,256,,159,1.0,1.0,0.4
ogy0nhuh,run-20260429_101949-ogy0nhuh,task0_sawyer_hammer_s2,sac_test,sac_her,reset,reset,2,0,sawyer_hammer,256,,159,1.0,0.0,0.0
uxqjup3j,run-20260429_101952-uxqjup3j,task0_sawyer_hammer_s1,sac_test,sac_her,persistent,persistent,1,0,sawyer_hammer,256,,159,1.0,0.3,0.4
pykizvk1,run-20260429_101954-pykizvk1,task0_sawyer_hammer_s3,sac_test,sac_her,persistent,persistent,3,0,sawyer_hammer,256,,159,1.0,0.0,0.0
eglpxy4s,run-20260429_102012-eglpxy4s,task0_sawyer_hammer_s2,sac_test,sac_her,persistent,persistent,2,0,sawyer_hammer,256,,159,1.0,0.0,0.0
iddq034q,run-20260429_135819-iddq034q,task1_sawyer_push_wall_s3,sac_test,sac_her,reset,reset,3,1,sawyer_push_wall,256,,159,0.0,0.0,0.0
pa9q2qbi,run-20260429_135823-pa9q2qbi,task1_sawyer_push_wall_s2,sac_test,sac_her,reset,reset,2,1,sawyer_push_wall,256,,159,0.0,0.0,0.5
yvho22b3,run-20260429_135839-yvho22b3,task1_sawyer_push_wall_s1,sac_test,sac_her,reset,reset,1,1,sawyer_push_wall,256,,159,0.0,0.0,0.0
c2xrtbcn,run-20260429_140055-c2xrtbcn,task1_sawyer_push_wall_s3,sac_test,sac_her,persistent,persistent,3,1,sawyer_push_wall,256,,159,0.0,0.0,0.0
iwcbt95e,run-20260429_140106-iwcbt95e,task1_sawyer_push_wall_s2,sac_test,sac_her,persistent,persistent,2,1,sawyer_push_wall,256,,159,0.2,0.0,0.5
9f8jlez3,run-20260429_140114-9f8jlez3,task1_sawyer_push_wall_s1,sac_test,sac_her,persistent,persistent,1,1,sawyer_push_wall,256,,159,0.0,0.0,0.0
8ppz08c1,run-20260429_210809-8ppz08c1,task2_sawyer_faucet_close_s2,sac_test,sac_her,reset,reset,2,2,sawyer_faucet_close,256,,159,0.0,0.0,0.19999999999999998
cbnrbn5j,run-20260429_210809-cbnrbn5j,task2_sawyer_faucet_close_s3,sac_test,sac_her,reset,reset,3,2,sawyer_faucet_close,256,,159,0.2,0.0,0.09999999999999999
gys84tfu,run-20260429_210809-gys84tfu,task2_sawyer_faucet_close_s1,sac_test,sac_her,reset,reset,1,2,sawyer_faucet_close,256,,159,0.9,0.6,0.16666666666666666
hg2dk8ik,run-20260429_210809-hg2dk8ik,task2_sawyer_faucet_close_s1,sac_test,sac_her,persistent,persistent,1,2,sawyer_faucet_close,256,,159,0.4,0.4,0.0
ih70jk85,run-20260429_210809-ih70jk85,task2_sawyer_faucet_close_s3,sac_test,sac_her,persistent,persistent,3,2,sawyer_faucet_close,256,,159,0.0,0.0,0.26666666666666666
ejhjlauc,run-20260429_210810-ejhjlauc,task2_sawyer_faucet_close_s2,sac_test,sac_her,persistent,persistent,2,2,sawyer_faucet_close,256,,159,0.5,0.0,0.3333333333333333
yjhyn78y,run-20260430_002616-yjhyn78y,task3_sawyer_push_back_s2,sac_test,sac_her,persistent,persistent,2,3,sawyer_push_back,256,,159,0.0,0.0,0.0
6kpr0l5a,run-20260430_002617-6kpr0l5a,task3_sawyer_push_back_s3,sac_test,sac_her,persistent,persistent,3,3,sawyer_push_back,256,,159,0.0,0.0,0.25
xf23fc5r,run-20260430_002618-xf23fc5r,task3_sawyer_push_back_s1,sac_test,sac_her,persistent,persistent,1,3,sawyer_push_back,256,,159,0.0,0.0,0.025
vjcla1g1,run-20260430_014805-vjcla1g1,task3_sawyer_push_back_s3,sac_test,sac_her,reset,reset,3,3,sawyer_push_back,256,,159,0.0,0.0,0.25
nc491fmy,run-20260430_014836-nc491fmy,task3_sawyer_push_back_s2,sac_test,sac_her,reset,reset,2,3,sawyer_push_back,256,,159,0.0,0.0,0.25
uiv6675x,run-20260430_014852-uiv6675x,task3_sawyer_push_back_s1,sac_test,sac_her,reset,reset,1,3,sawyer_push_back,256,,159,0.0,0.0,0.25
8x0lvdho,run-20260430_021231-8x0lvdho,task0_sawyer_hammer_s3,sac_test,sac_her,cka,cka,3,0,sawyer_hammer,256,,159,1.0,0.0,0.0
qdjxdmrs,run-20260430_021231-qdjxdmrs,task0_sawyer_hammer_s1,sac_test,sac_her,cka,cka,1,0,sawyer_hammer,256,,159,1.0,0.6,1.0
s5depx4a,run-20260430_021232-s5depx4a,task0_sawyer_hammer_s2,sac_test,sac_her,cka,cka,2,0,sawyer_hammer,256,,159,1.0,0.0,1.0
0p3iheid,run-20260430_034258-0p3iheid,task4_sawyer_stick_pull_s2,sac_test,sac_her,persistent,persistent,2,4,sawyer_stick_pull,256,,159,0.9,0.0,0.0
2vney3wo,run-20260430_034258-2vney3wo,task4_sawyer_stick_pull_s1,sac_test,sac_her,persistent,persistent,1,4,sawyer_stick_pull,256,,159,1.0,0.3,0.08
59vvcdzj,run-20260430_034302-59vvcdzj,task4_sawyer_stick_pull_s3,sac_test,sac_her,persistent,persistent,3,4,sawyer_stick_pull,256,,159,1.0,0.0,0.08
rpcddlfn,run-20260430_054359-rpcddlfn,task1_sawyer_push_wall_s3,sac_test,sac_her,cka,cka,3,1,sawyer_push_wall,256,,159,0.0,0.0,
ljli6rkw,run-20260430_054403-ljli6rkw,task1_sawyer_push_wall_s2,sac_test,sac_her,cka,cka,2,1,sawyer_push_wall,256,,158,0.0,0.0,
yzaq7pdk,run-20260430_054407-yzaq7pdk,task1_sawyer_push_wall_s1,sac_test,sac_her,cka,cka,1,1,sawyer_push_wall,256,,158,0.0,0.0,
nw8nb0j0,run-20260430_062606-nw8nb0j0,task4_sawyer_stick_pull_s1,sac_test,sac_her,reset,reset,1,4,sawyer_stick_pull,256,,159,1.0,0.9,0.22000000000000003
c4zx9duc,run-20260430_062706-c4zx9duc,task4_sawyer_stick_pull_s3,sac_test,sac_her,reset,reset,3,4,sawyer_stick_pull,256,,159,1.0,1.0,0.42000000000000004
fp5idiki,run-20260430_062849-fp5idiki,task4_sawyer_stick_pull_s2,sac_test,sac_her,reset,reset,2,4,sawyer_stick_pull,256,,159,1.0,0.0,0.0
zq6qq8tc,run-20260430_072834-zq6qq8tc,task5_sawyer_handle_press_side_s3,sac_test,sac_her,persistent,persistent,3,5,sawyer_handle_press_side,256,,159,0.4,0.0,0.11666666666666665
jx9b9dr6,run-20260430_072859-jx9b9dr6,task5_sawyer_handle_press_side_s1,sac_test,sac_her,persistent,persistent,1,5,sawyer_handle_press_side,256,,159,0.4,0.1,0.19999999999999998
27i12o8f,run-20260430_072935-27i12o8f,task5_sawyer_handle_press_side_s2,sac_test,sac_her,persistent,persistent,2,5,sawyer_handle_press_side,256,,159,0.3,0.0,0.15
nls2jm0f,run-20260430_105658-nls2jm0f,task6_sawyer_push_s3,sac_test,sac_her,persistent,persistent,3,6,sawyer_push,256,,135,0.2,0.0,
cqhjfuub,run-20260430_105722-cqhjfuub,task6_sawyer_push_s1,sac_test,sac_her,persistent,persistent,1,6,sawyer_push,256,,134,0.0,0.0,
l8i6mooh,run-20260430_105753-l8i6mooh,task6_sawyer_push_s2,sac_test,sac_her,persistent,persistent,2,6,sawyer_push,256,,134,0.1,0.0,
02ypb5si,run-20260430_114106-02ypb5si,task5_sawyer_handle_press_side_s2,sac_test,sac_her,reset,reset,2,5,sawyer_handle_press_side,256,,66,0.3,0.1,
akzfugyp,run-20260430_114310-akzfugyp,task5_sawyer_handle_press_side_s1,sac_test,sac_her,reset,reset,1,5,sawyer_handle_press_side,256,,64,0.3,0.0,
iw4jalog,run-20260430_114348-iw4jalog,task5_sawyer_handle_press_side_s3,sac_test,sac_her,reset,reset,3,5,sawyer_handle_press_side,256,,66,0.4,0.0,
e0of04x4,run-20260517_000636-e0of04x4,task5_sawyer_handle_press_side_s3,sac_test,sac_her,reset,reset,3,5,sawyer_handle_press_side,256,,159,0.5,0.0,0.0
towuissh,run-20260517_000636-towuissh,task5_sawyer_handle_press_side_s2,sac_test,sac_her,reset,reset,2,5,sawyer_handle_press_side,256,,159,0.5,0.0,0.0
u0r9fxbd,run-20260517_000637-u0r9fxbd,task5_sawyer_handle_press_side_s1,sac_test,sac_her,reset,reset,1,5,sawyer_handle_press_side,256,,159,0.5,0.1,0.03333333333333333
qjt8m009,run-20260517_000638-qjt8m009,task5_sawyer_handle_press_side_s2,sac_test,sac_her,persistent,persistent,2,5,sawyer_handle_press_side,256,,159,0.4,0.0,0.08333333333333333
hd0on9x2,run-20260517_000639-hd0on9x2,task5_sawyer_handle_press_side_s1,sac_test,sac_her,persistent,persistent,1,5,sawyer_handle_press_side,256,,159,0.6,0.1,0.19999999999999998
usvbp9pg,run-20260517_000639-usvbp9pg,task5_sawyer_handle_press_side_s3,sac_test,sac_her,persistent,persistent,3,5,sawyer_handle_press_side,256,,159,0.5,0.0,0.0
92gnfy9o,run-20260517_000656-92gnfy9o,task1_sawyer_push_wall_s1,sac_test,sac_her,cka,cka,1,1,sawyer_push_wall,256,,159,0.0,0.0,0.0
ysbegzmq,run-20260517_000656-ysbegzmq,task1_sawyer_push_wall_s3,sac_test,sac_her,cka,cka,3,1,sawyer_push_wall,256,,159,0.0,0.0,0.0
7lr88f6f,run-20260517_000657-7lr88f6f,task1_sawyer_push_wall_s2,sac_test,sac_her,cka,cka,2,1,sawyer_push_wall,256,,159,0.0,0.0,0.0
0dnwha11,run-20260517_032231-0dnwha11,task6_sawyer_push_s2,sac_test,sac_her,reset,reset,2,6,sawyer_push,256,,159,0.1,0.0,0.0
f540yycv,run-20260517_032233-f540yycv,task6_sawyer_push_s1,sac_test,sac_her,reset,reset,1,6,sawyer_push,256,,159,0.4,0.4,0.17142857142857143
o0yibdt4,run-20260517_032233-o0yibdt4,task6_sawyer_push_s3,sac_test,sac_her,reset,reset,3,6,sawyer_push,256,,159,0.0,0.0,0.0
5p6g5ucf,run-20260517_032324-5p6g5ucf,task6_sawyer_push_s1,sac_test,sac_her,persistent,persistent,1,6,sawyer_push,256,,159,0.5,0.5,0.24285714285714288
k8ms6ju9,run-20260517_032326-k8ms6ju9,task6_sawyer_push_s2,sac_test,sac_her,persistent,persistent,2,6,sawyer_push,256,,159,0.1,0.0,0.0
kg9r8iqe,run-20260517_032329-kg9r8iqe,task6_sawyer_push_s3,sac_test,sac_her,persistent,persistent,3,6,sawyer_push,256,,159,0.2,0.0,0.15714285714285717
grnckv9l,run-20260517_063219-grnckv9l,task7_sawyer_shelf_place_s3,sac_test,sac_her,reset,reset,3,7,sawyer_shelf_place,256,,159,0.0,0.0,0.025
b7xkxj51,run-20260517_063220-b7xkxj51,task7_sawyer_shelf_place_s2,sac_test,sac_her,reset,reset,2,7,sawyer_shelf_place,256,,159,0.0,0.0,0.0625
x9ksdtvx,run-20260517_063221-x9ksdtvx,task7_sawyer_shelf_place_s1,sac_test,sac_her,reset,reset,1,7,sawyer_shelf_place,256,,159,0.0,0.0,0.025
bzaxlzac,run-20260517_063420-bzaxlzac,task7_sawyer_shelf_place_s3,sac_test,sac_her,persistent,persistent,3,7,sawyer_shelf_place,256,,159,0.0,0.0,0.0
gj3qo4wv,run-20260517_063422-gj3qo4wv,task7_sawyer_shelf_place_s2,sac_test,sac_her,persistent,persistent,2,7,sawyer_shelf_place,256,,159,0.0,0.0,0.125
z6bwqm1m,run-20260517_063458-z6bwqm1m,task7_sawyer_shelf_place_s1,sac_test,sac_her,persistent,persistent,1,7,sawyer_shelf_place,256,,159,0.0,0.0,0.0
ecgonidp,run-20260517_071832-ecgonidp,task1_sawyer_push_wall_s1,sac_test,sac_her,cka,cka,1,1,sawyer_push_wall,256,True,159,0.0,0.0,0.0
pdh1op6u,run-20260517_071832-pdh1op6u,task1_sawyer_push_wall_s3,sac_test,sac_her,cka,cka,3,1,sawyer_push_wall,256,True,159,0.0,0.0,0.0
pzxdnsxr,run-20260517_071832-pzxdnsxr,task1_sawyer_push_wall_s2,sac_test,sac_her,cka,cka,2,1,sawyer_push_wall,256,True,159,0.0,0.0,0.0
lditrdxc,run-20260517_071836-lditrdxc,task7_sawyer_shelf_place_s2,sac_test,sac_her,persistent,persistent,2,7,sawyer_shelf_place,256,True,159,0.0,0.0,0.125
vig7k91j,run-20260517_071836-vig7k91j,task7_sawyer_shelf_place_s1,sac_test,sac_her,reset,reset,1,7,sawyer_shelf_place,256,True,159,0.0,0.0,0.0875
3jz6ojsd,run-20260517_071837-3jz6ojsd,task7_sawyer_shelf_place_s3,sac_test,sac_her,persistent,persistent,3,7,sawyer_shelf_place,256,True,159,0.0,0.0,0.0125
avy76u06,run-20260517_071837-avy76u06,task7_sawyer_shelf_place_s2,sac_test,sac_her,reset,reset,2,7,sawyer_shelf_place,256,True,159,0.0,0.0,0.0
e4euyphj,run-20260517_071837-e4euyphj,task7_sawyer_shelf_place_s1,sac_test,sac_her,persistent,persistent,1,7,sawyer_shelf_place,256,True,159,0.0,0.0,0.05
rvf2tnpo,run-20260517_071837-rvf2tnpo,task7_sawyer_shelf_place_s3,sac_test,sac_her,reset,reset,3,7,sawyer_shelf_place,256,True,159,0.0,0.0,0.0
0c9lo89u,run-20260517_083312-0c9lo89u,task2_sawyer_faucet_close_s3,sac_test,sac_her,cka,cka,3,2,sawyer_faucet_close,256,,159,0.1,0.1,0.26666666666666666
8yjoljtr,run-20260517_083403-8yjoljtr,task2_sawyer_faucet_close_s2,sac_test,sac_her,cka,cka,2,2,sawyer_faucet_close,256,,159,0.5,0.0,0.3333333333333333
q8esl870,run-20260517_083424-q8esl870,task2_sawyer_faucet_close_s1,sac_test,sac_her,cka,cka,1,2,sawyer_faucet_close,256,,159,0.8,0.1,0.03333333333333333
f9yzl7bx,run-20260517_095019-f9yzl7bx,task8_sawyer_window_close_s2,sac_test,sac_her,reset,reset,2,8,sawyer_window_close,256,,159,0.8,0.5,0.08888888888888889
7utta06a,run-20260517_095020-7utta06a,task8_sawyer_window_close_s3,sac_test,sac_her,reset,reset,3,8,sawyer_window_close,256,,159,0.8,0.2,0.15555555555555556
beb8vsk9,run-20260517_095020-beb8vsk9,task8_sawyer_window_close_s1,sac_test,sac_her,reset,reset,1,8,sawyer_window_close,256,,159,0.8,0.6,0.07777777777777778
xhobx5f8,run-20260517_095420-xhobx5f8,task8_sawyer_window_close_s2,sac_test,sac_her,persistent,persistent,2,8,sawyer_window_close,256,,159,0.7,0.3,0.03333333333333333
6hecnu5x,run-20260517_095423-6hecnu5x,task8_sawyer_window_close_s3,sac_test,sac_her,persistent,persistent,3,8,sawyer_window_close,256,,159,0.7,0.2,0.18888888888888888
b631w8bg,run-20260517_095500-b631w8bg,task8_sawyer_window_close_s1,sac_test,sac_her,persistent,persistent,1,8,sawyer_window_close,256,,159,0.8,0.6,0.044444444444444446
txme7u0n,run-20260517_103609-txme7u0n,task8_sawyer_window_close_s2,sac_test,sac_her,reset,reset,2,8,sawyer_window_close,256,True,159,0.8,0.5,0.044444444444444446
z9eu9j2d,run-20260517_103612-z9eu9j2d,task8_sawyer_window_close_s1,sac_test,sac_her,reset,reset,1,8,sawyer_window_close,256,True,159,0.8,0.6,0.14444444444444446
a5fkwj57,run-20260517_103616-a5fkwj57,task8_sawyer_window_close_s3,sac_test,sac_her,reset,reset,3,8,sawyer_window_close,256,True,159,0.8,0.2,0.06666666666666667
9uxdgk63,run-20260517_103746-9uxdgk63,task8_sawyer_window_close_s2,sac_test,sac_her,persistent,persistent,2,8,sawyer_window_close,256,True,159,0.8,0.5,0.1111111111111111
f0ak2wis,run-20260517_103746-f0ak2wis,task8_sawyer_window_close_s3,sac_test,sac_her,persistent,persistent,3,8,sawyer_window_close,256,True,159,0.7,0.2,0.05555555555555555
0okgdjla,run-20260517_103754-0okgdjla,task8_sawyer_window_close_s1,sac_test,sac_her,persistent,persistent,1,8,sawyer_window_close,256,True,159,0.8,0.6,0.08888888888888889
cpzxo1ma,run-20260517_133230-cpzxo1ma,task9_sawyer_peg_unplug_side_s2,sac_test,sac_her,reset,reset,2,9,sawyer_peg_unplug_side,256,,159,0.2,0.0,0.0
xrai1l3b,run-20260517_133231-xrai1l3b,task9_sawyer_peg_unplug_side_s1,sac_test,sac_her,reset,reset,1,9,sawyer_peg_unplug_side,256,,159,0.1,0.0,0.0
0bkl3n0g,run-20260517_133248-0bkl3n0g,task9_sawyer_peg_unplug_side_s3,sac_test,sac_her,reset,reset,3,9,sawyer_peg_unplug_side,256,,159,0.1,0.0,0.0
qc05ben6,run-20260517_134231-qc05ben6,task9_sawyer_peg_unplug_side_s1,sac_test,sac_her,persistent,persistent,1,9,sawyer_peg_unplug_side,256,,159,0.2,0.1,0.05
ylx51dgw,run-20260517_134301-ylx51dgw,task9_sawyer_peg_unplug_side_s3,sac_test,sac_her,persistent,persistent,3,9,sawyer_peg_unplug_side,256,,159,0.3,0.0,0.0
oyj71xtf,run-20260517_134309-oyj71xtf,task9_sawyer_peg_unplug_side_s2,sac_test,sac_her,persistent,persistent,2,9,sawyer_peg_unplug_side,256,,159,0.2,0.0,0.02
buwqsrev,run-20260517_141944-buwqsrev,task9_sawyer_peg_unplug_side_s1,sac_test,sac_her,reset,reset,1,9,sawyer_peg_unplug_side,256,True,159,0.0,0.0,0.02
93y0th51,run-20260517_141945-93y0th51,task9_sawyer_peg_unplug_side_s2,sac_test,sac_her,reset,reset,2,9,sawyer_peg_unplug_side,256,True,159,0.1,0.0,0.0
8opsx4rp,run-20260517_141956-8opsx4rp,task9_sawyer_peg_unplug_side_s3,sac_test,sac_her,reset,reset,3,9,sawyer_peg_unplug_side,256,True,159,0.1,0.0,0.0
9wthnb1t,run-20260517_142211-9wthnb1t,task9_sawyer_peg_unplug_side_s1,sac_test,sac_her,persistent,persistent,1,9,sawyer_peg_unplug_side,256,True,159,0.2,0.0,0.02
xl1lffjw,run-20260517_142233-xl1lffjw,task9_sawyer_peg_unplug_side_s3,sac_test,sac_her,persistent,persistent,3,9,sawyer_peg_unplug_side,256,True,159,0.3,0.0,0.06000000000000001
o1qpm20p,run-20260517_142254-o1qpm20p,task9_sawyer_peg_unplug_side_s2,sac_test,sac_her,persistent,persistent,2,9,sawyer_peg_unplug_side,256,True,159,0.2,0.0,0.0
x4988duj,run-20260517_155519-x4988duj,task2_sawyer_faucet_close_s3,sac_test,sac_her,cka,cka,3,2,sawyer_faucet_close,256,True,159,0.2,0.0,0.3333333333333333
qdf17nrt,run-20260517_155525-qdf17nrt,task2_sawyer_faucet_close_s2,sac_test,sac_her,cka,cka,2,2,sawyer_faucet_close,256,True,159,0.7,0.4,0.3
j3lxzx4t,run-20260517_155633-j3lxzx4t,task2_sawyer_faucet_close_s1,sac_test,sac_her,cka,cka,1,2,sawyer_faucet_close,256,True,159,0.7,0.2,0.3
rxsysk55,run-20260517_183522-rxsysk55,task3_sawyer_push_back_s3,sac_test,sac_her,cka,cka,3,3,sawyer_push_back,256,,116,0.0,0.0,
w94tb0ou,run-20260517_183939-w94tb0ou,task3_sawyer_push_back_s2,sac_test,sac_her,cka,cka,2,3,sawyer_push_back,256,,114,0.0,0.0,
pt1i2fsd,run-20260517_184356-pt1i2fsd,task3_sawyer_push_back_s1,sac_test,sac_her,cka,cka,1,3,sawyer_push_back,256,,113,0.0,0.0,
yc432cgi,run-20260518_020414-yc432cgi,task3_sawyer_push_back_s3,sac_test,sac_her,cka,cka,3,3,sawyer_push_back,256,True,45,0.0,0.0,
t0obasxz,run-20260518_020430-t0obasxz,task3_sawyer_push_back_s2,sac_test,sac_her,cka,cka,2,3,sawyer_push_back,256,True,45,0.0,0.0,
3wjzo9nj,run-20260518_020608-3wjzo9nj,task3_sawyer_push_back_s1,sac_test,sac_her,cka,cka,1,3,sawyer_push_back,256,True,45,0.0,0.0,
1tzoqudb,run-20260518_051257-1tzoqudb,task0_sawyer_hammer_s2,sac_test,sac_her,persistent,persistent,2,0,sawyer_hammer,256,True,159,1.0,0.9,1.0
yx97xl9d,run-20260518_051257-yx97xl9d,task0_sawyer_hammer_s3,sac_test,sac_her,persistent,persistent,3,0,sawyer_hammer,256,True,159,1.0,0.8,0.6
60f9zvxk,run-20260518_051258-60f9zvxk,task0_sawyer_hammer_s1,sac_test,sac_her,persistent,persistent,1,0,sawyer_hammer,256,True,159,1.0,0.0,0.0
ngnyhft0,run-20260518_051322-ngnyhft0,task0_sawyer_hammer_s1,sac_test,sac_her,reset,reset,1,0,sawyer_hammer,256,True,159,1.0,0.7,0.8
130nx8uo,run-20260518_051323-130nx8uo,task0_sawyer_hammer_s2,sac_test,sac_her,reset,reset,2,0,sawyer_hammer,256,True,159,1.0,0.7,0.8
3i4ivb81,run-20260518_051323-3i4ivb81,task0_sawyer_hammer_s3,sac_test,sac_her,reset,reset,3,0,sawyer_hammer,256,True,159,1.0,0.3,0.5
qvwh92de,run-20260518_084846-qvwh92de,task1_sawyer_push_wall_s1,sac_test,sac_her,persistent,persistent,1,1,sawyer_push_wall,256,True,159,0.0,0.0,0.5
v2m987du,run-20260518_084850-v2m987du,task1_sawyer_push_wall_s2,sac_test,sac_her,persistent,persistent,2,1,sawyer_push_wall,256,True,159,0.4,0.0,0.1
y0g2bgov,run-20260518_084859-y0g2bgov,task1_sawyer_push_wall_s3,sac_test,sac_her,persistent,persistent,3,1,sawyer_push_wall,256,True,159,0.0,0.0,0.0
kqo5em2r,run-20260518_084913-kqo5em2r,task1_sawyer_push_wall_s2,sac_test,sac_her,reset,reset,2,1,sawyer_push_wall,256,True,159,0.0,0.0,0.0
1x7mlpyc,run-20260518_084914-1x7mlpyc,task1_sawyer_push_wall_s3,sac_test,sac_her,reset,reset,3,1,sawyer_push_wall,256,True,159,0.0,0.0,0.2
0m34zhe7,run-20260518_084930-0m34zhe7,task1_sawyer_push_wall_s1,sac_test,sac_her,reset,reset,1,1,sawyer_push_wall,256,True,159,0.0,0.0,0.25
8ks4592v,run-20260518_120322-8ks4592v,task2_sawyer_faucet_close_s1,sac_test,sac_her,persistent,persistent,1,2,sawyer_faucet_close,256,True,159,0.7,0.2,0.0
ajrq9hn8,run-20260518_120324-ajrq9hn8,task2_sawyer_faucet_close_s2,sac_test,sac_her,persistent,persistent,2,2,sawyer_faucet_close,256,True,159,0.9,0.7,0.06666666666666667
c6zkjxdc,run-20260518_120345-c6zkjxdc,task2_sawyer_faucet_close_s3,sac_test,sac_her,persistent,persistent,3,2,sawyer_faucet_close,256,True,159,0.8,0.5,0.09999999999999999
21rmx84j,run-20260518_120435-21rmx84j,task2_sawyer_faucet_close_s2,sac_test,sac_her,reset,reset,2,2,sawyer_faucet_close,256,True,159,0.7,0.3,0.09999999999999999
m4s0kc85,run-20260518_120437-m4s0kc85,task2_sawyer_faucet_close_s3,sac_test,sac_her,reset,reset,3,2,sawyer_faucet_close,256,True,159,0.5,0.2,0.03333333333333333
dvsbjzei,run-20260518_120456-dvsbjzei,task2_sawyer_faucet_close_s1,sac_test,sac_her,reset,reset,1,2,sawyer_faucet_close,256,True,159,0.9,0.5,0.5666666666666667
bdyul2lx,run-20260518_160315-bdyul2lx,task3_sawyer_push_back_s1,sac_test,sac_her,persistent,persistent,1,3,sawyer_push_back,256,True,159,0.0,0.0,0.225
09ey3asv,run-20260518_160351-09ey3asv,task3_sawyer_push_back_s2,sac_test,sac_her,persistent,persistent,2,3,sawyer_push_back,256,True,159,0.0,0.0,0.175
p8t789p8,run-20260518_160356-p8t789p8,task3_sawyer_push_back_s3,sac_test,sac_her,persistent,persistent,3,3,sawyer_push_back,256,True,159,0.0,0.0,0.125
4gjm7u7s,run-20260518_162639-4gjm7u7s,task3_sawyer_push_back_s3,sac_test,sac_her,reset,reset,3,3,sawyer_push_back,256,True,159,0.0,0.0,0.25
wygc715q,run-20260518_162653-wygc715q,task3_sawyer_push_back_s2,sac_test,sac_her,reset,reset,2,3,sawyer_push_back,256,True,159,0.0,0.0,0.25
wp3tpjb8,run-20260518_163048-wp3tpjb8,task3_sawyer_push_back_s1,sac_test,sac_her,reset,reset,1,3,sawyer_push_back,256,True,159,0.0,0.0,0.25
w0hobhb6,run-20260518_195432-w0hobhb6,task4_sawyer_stick_pull_s1,sac_test,sac_her,persistent,persistent,1,4,sawyer_stick_pull,256,True,159,1.0,0.0,0.0
mibsb17c,run-20260518_195457-mibsb17c,task4_sawyer_stick_pull_s3,sac_test,sac_her,persistent,persistent,3,4,sawyer_stick_pull,256,True,159,0.0,0.0,0.2
skpzsp4d,run-20260518_195514-skpzsp4d,task4_sawyer_stick_pull_s2,sac_test,sac_her,persistent,persistent,2,4,sawyer_stick_pull,256,True,159,1.0,0.0,0.0
0s7tqfz7,run-20260518_204252-0s7tqfz7,task4_sawyer_stick_pull_s2,sac_test,sac_her,reset,reset,2,4,sawyer_stick_pull,256,True,159,1.0,1.0,0.4
u8obx98k,run-20260518_204306-u8obx98k,task4_sawyer_stick_pull_s3,sac_test,sac_her,reset,reset,3,4,sawyer_stick_pull,256,True,159,1.0,1.0,0.38
tcchktqb,run-20260518_204806-tcchktqb,task4_sawyer_stick_pull_s1,sac_test,sac_her,reset,reset,1,4,sawyer_stick_pull,256,True,159,1.0,0.0,0.0
vbcuj11c,run-20260519_002149-vbcuj11c,task5_sawyer_handle_press_side_s3,sac_test,sac_her,persistent,persistent,3,5,sawyer_handle_press_side,256,True,159,0.5,0.0,0.0
7fxzddxd,run-20260519_002330-7fxzddxd,task5_sawyer_handle_press_side_s2,sac_test,sac_her,persistent,persistent,2,5,sawyer_handle_press_side,256,True,159,0.4,0.0,0.16666666666666666
bp681rv6,run-20260519_002520-bp681rv6,task5_sawyer_handle_press_side_s1,sac_test,sac_her,persistent,persistent,1,5,sawyer_handle_press_side,256,True,159,0.6,0.1,0.03333333333333333
rjdxgxdc,run-20260519_005941-rjdxgxdc,task5_sawyer_handle_press_side_s3,sac_test,sac_her,reset,reset,3,5,sawyer_handle_press_side,256,True,159,0.5,0.0,0.0
9sakof60,run-20260519_005949-9sakof60,task5_sawyer_handle_press_side_s2,sac_test,sac_her,reset,reset,2,5,sawyer_handle_press_side,256,True,159,0.5,0.0,0.15
3epn3zsm,run-20260519_010140-3epn3zsm,task5_sawyer_handle_press_side_s1,sac_test,sac_her,reset,reset,1,5,sawyer_handle_press_side,256,True,159,0.6,0.1,0.03333333333333333
sqwfnj3i,run-20260519_034439-sqwfnj3i,task6_sawyer_push_s3,sac_test,sac_her,persistent,persistent,3,6,sawyer_push,256,True,159,0.7,0.4,0.15714285714285717
9u77ersy,run-20260519_034540-9u77ersy,task6_sawyer_push_s2,sac_test,sac_her,persistent,persistent,2,6,sawyer_push,256,True,159,0.1,0.0,0.04285714285714286
i7w66g1d,run-20260519_034754-i7w66g1d,task6_sawyer_push_s1,sac_test,sac_her,persistent,persistent,1,6,sawyer_push,256,True,159,0.1,0.1,0.0
qrjenmju,run-20260519_042012-qrjenmju,task6_sawyer_push_s2,sac_test,sac_her,reset,reset,2,6,sawyer_push,256,True,159,0.1,0.0,0.17142857142857143
z1vh9fpn,run-20260519_042018-z1vh9fpn,task6_sawyer_push_s3,sac_test,sac_her,reset,reset,3,6,sawyer_push,256,True,159,0.0,0.0,0.0
jzfksukl,run-20260519_042134-jzfksukl,task6_sawyer_push_s1,sac_test,sac_her,reset,reset,1,6,sawyer_push,256,True,159,0.1,0.0,0.028571428571428574
8urnde2c,run-20260519_065615-8urnde2c,task7_sawyer_shelf_place_s3,sac_test,sac_her,persistent,persistent,3,7,sawyer_shelf_place,256,True,159,0.0,0.0,0.0375
5lzpejyh,run-20260519_065708-5lzpejyh,task7_sawyer_shelf_place_s2,sac_test,sac_her,persistent,persistent,2,7,sawyer_shelf_place,256,True,159,0.0,0.0,0.0
70z0b2lc,run-20260519_065943-70z0b2lc,task7_sawyer_shelf_place_s1,sac_test,sac_her,persistent,persistent,1,7,sawyer_shelf_place,256,True,159,0.0,0.0,0.075
d9b46bux,run-20260519_073114-d9b46bux,task7_sawyer_shelf_place_s2,sac_test,sac_her,reset,reset,2,7,sawyer_shelf_place,256,True,159,0.0,0.0,0.125
1uziuplt,run-20260519_073119-1uziuplt,task7_sawyer_shelf_place_s3,sac_test,sac_her,reset,reset,3,7,sawyer_shelf_place,256,True,159,0.0,0.0,0.0
4sxs9bu0,run-20260519_073238-4sxs9bu0,task7_sawyer_shelf_place_s1,sac_test,sac_her,reset,reset,1,7,sawyer_shelf_place,256,True,159,0.0,0.0,0.0
lnukux7v,run-20260519_102726-lnukux7v,task8_sawyer_window_close_s3,sac_test,sac_her,persistent,persistent,3,8,sawyer_window_close,256,True,159,0.8,0.2,0.05555555555555555
t5sz2lz5,run-20260519_102811-t5sz2lz5,task8_sawyer_window_close_s2,sac_test,sac_her,persistent,persistent,2,8,sawyer_window_close,256,True,159,0.8,0.5,0.14444444444444446
zmnbkt6q,run-20260519_103129-zmnbkt6q,task8_sawyer_window_close_s1,sac_test,sac_her,persistent,persistent,1,8,sawyer_window_close,256,True,159,0.8,0.6,0.03333333333333333
a8buithd,run-20260519_111004-a8buithd,task8_sawyer_window_close_s2,sac_test,sac_her,reset,reset,2,8,sawyer_window_close,256,True,159,0.8,0.5,0.08888888888888889
6z9n26d4,run-20260519_111005-6z9n26d4,task8_sawyer_window_close_s3,sac_test,sac_her,reset,reset,3,8,sawyer_window_close,256,True,159,0.8,0.2,0.15555555555555556
a3kt4bjw,run-20260519_111200-a3kt4bjw,task8_sawyer_window_close_s1,sac_test,sac_her,reset,reset,1,8,sawyer_window_close,256,True,159,0.8,0.6,0.1111111111111111
dx3s03i0,run-20260519_141658-dx3s03i0,task9_sawyer_peg_unplug_side_s3,sac_test,sac_her,persistent,persistent,3,9,sawyer_peg_unplug_side,256,True,159,0.1,0.0,0.18
tnfywgjy,run-20260519_141756-tnfywgjy,task9_sawyer_peg_unplug_side_s2,sac_test,sac_her,persistent,persistent,2,9,sawyer_peg_unplug_side,256,True,159,0.2,0.1,0.19
3w6bwsib,run-20260519_142214-3w6bwsib,task9_sawyer_peg_unplug_side_s1,sac_test,sac_her,persistent,persistent,1,9,sawyer_peg_unplug_side,256,True,159,0.2,0.0,0.0
1vvival2,run-20260519_151200-1vvival2,task9_sawyer_peg_unplug_side_s3,sac_test,sac_her,reset,reset,3,9,sawyer_peg_unplug_side,256,True,159,0.0,0.0,0.0
if39bb8x,run-20260519_151205-if39bb8x,task9_sawyer_peg_unplug_side_s2,sac_test,sac_her,reset,reset,2,9,sawyer_peg_unplug_side,256,True,159,0.1,0.0,0.1
synalwec,run-20260519_151348-synalwec,task9_sawyer_peg_unplug_side_s1,sac_test,sac_her,reset,reset,1,9,sawyer_peg_unplug_side,256,True,159,0.1,0.0,0.06999999999999999
13fucfze,run-20260524_021459-13fucfze,task0_sawyer_hammer_s6,sac_test,sac_her,reset,reset,6,0,sawyer_hammer,256,True,159,1.0,0.8,0.5
fc0yyjpa,run-20260524_021459-fc0yyjpa,task0_sawyer_hammer_s4,sac_test,sac_her,reset,reset,4,0,sawyer_hammer,256,True,159,1.0,1.0,1.0
q1c54b28,run-20260524_021459-q1c54b28,task0_sawyer_hammer_s5,sac_test,sac_her,reset,reset,5,0,sawyer_hammer,256,True,159,1.0,0.6,0.6
c4nxwt6h,run-20260524_021513-c4nxwt6h,task0_sawyer_hammer_s4,sac_test,sac_her,persistent,persistent,4,0,sawyer_hammer,256,True,159,1.0,1.0,0.5
i92gwcii,run-20260524_021513-i92gwcii,task0_sawyer_hammer_s5,sac_test,sac_her,persistent,persistent,5,0,sawyer_hammer,256,True,159,1.0,1.0,1.0
v4nfdhtb,run-20260524_021514-v4nfdhtb,task0_sawyer_hammer_s6,sac_test,sac_her,persistent,persistent,6,0,sawyer_hammer,256,True,159,1.0,0.8,0.8
wkti6gem,run-20260524_062456-wkti6gem,task1_sawyer_push_wall_s5,sac_test,sac_her,reset,reset,5,1,sawyer_push_wall,256,True,159,0.0,0.0,0.0
5yoipaj0,run-20260524_062530-5yoipaj0,task1_sawyer_push_wall_s6,sac_test,sac_her,reset,reset,6,1,sawyer_push_wall,256,True,159,0.0,0.0,0.0
885kn70i,run-20260524_062530-885kn70i,task1_sawyer_push_wall_s4,sac_test,sac_her,reset,reset,4,1,sawyer_push_wall,256,True,159,0.0,0.0,0.0
o3h9mven,run-20260524_070539-o3h9mven,task1_sawyer_push_wall_s4,sac_test,sac_her,persistent,persistent,4,1,sawyer_push_wall,256,True,159,0.0,0.0,0.0
aid4luz1,run-20260524_070628-aid4luz1,task1_sawyer_push_wall_s5,sac_test,sac_her,persistent,persistent,5,1,sawyer_push_wall,256,True,159,0.3,0.0,0.0
fg6tsb05,run-20260524_070931-fg6tsb05,task1_sawyer_push_wall_s6,sac_test,sac_her,persistent,persistent,6,1,sawyer_push_wall,256,True,159,1.0,0.3,0.35
6lodrvze,run-20260524_100934-6lodrvze,task2_sawyer_faucet_close_s4,sac_test,sac_her,reset,reset,4,2,sawyer_faucet_close,256,True,159,0.7,0.1,0.0
zfp7bus7,run-20260524_100936-zfp7bus7,task2_sawyer_faucet_close_s6,sac_test,sac_her,reset,reset,6,2,sawyer_faucet_close,256,True,159,0.8,0.5,0.19999999999999998
uqk4t2io,run-20260524_100951-uqk4t2io,task2_sawyer_faucet_close_s5,sac_test,sac_her,reset,reset,5,2,sawyer_faucet_close,256,True,159,0.3,0.0,0.0
jlvo6flz,run-20260524_113337-jlvo6flz,task2_sawyer_faucet_close_s4,sac_test,sac_her,persistent,persistent,4,2,sawyer_faucet_close,256,True,159,0.1,0.0,0.0
7ex0cg14,run-20260524_113542-7ex0cg14,task2_sawyer_faucet_close_s5,sac_test,sac_her,persistent,persistent,5,2,sawyer_faucet_close,256,True,159,1.0,0.8,0.16666666666666666
7gjkretm,run-20260524_114325-7gjkretm,task2_sawyer_faucet_close_s6,sac_test,sac_her,persistent,persistent,6,2,sawyer_faucet_close,256,True,159,1.0,0.5,0.19999999999999998
kfbgrv5c,run-20260524_134812-kfbgrv5c,task3_sawyer_push_back_s4,sac_test,sac_her,reset,reset,4,3,sawyer_push_back,256,True,159,0.0,0.0,0.0
j5pa796g,run-20260524_134819-j5pa796g,task3_sawyer_push_back_s6,sac_test,sac_her,reset,reset,6,3,sawyer_push_back,256,True,159,0.0,0.0,0.25
ks4j34lr,run-20260524_134820-ks4j34lr,task3_sawyer_push_back_s5,sac_test,sac_her,reset,reset,5,3,sawyer_push_back,256,True,159,0.0,0.0,0.0
885mbi1o,run-20260524_154518-885mbi1o,task3_sawyer_push_back_s4,sac_test,sac_her,persistent,persistent,4,3,sawyer_push_back,256,True,159,0.0,0.0,0.25
t235spti,run-20260524_154824-t235spti,task3_sawyer_push_back_s5,sac_test,sac_her,persistent,persistent,5,3,sawyer_push_back,256,True,159,0.0,0.0,0.025
d333vk6m,run-20260524_155630-d333vk6m,task3_sawyer_push_back_s6,sac_test,sac_her,persistent,persistent,6,3,sawyer_push_back,256,True,159,0.0,0.0,0.0
v5j8n20i,run-20260524_172008-v5j8n20i,task4_sawyer_stick_pull_s4,sac_test,sac_her,reset,reset,4,4,sawyer_stick_pull,256,True,159,1.0,1.0,0.4
itrbf7k8,run-20260524_172015-itrbf7k8,task4_sawyer_stick_pull_s6,sac_test,sac_her,reset,reset,6,4,sawyer_stick_pull,256,True,159,1.0,1.0,0.2
g3ztqow5,run-20260524_172017-g3ztqow5,task4_sawyer_stick_pull_s5,sac_test,sac_her,reset,reset,5,4,sawyer_stick_pull,256,True,159,1.0,0.6,0.3
6r6exen6,run-20260524_194803-6r6exen6,task4_sawyer_stick_pull_s4,sac_test,sac_her,persistent,persistent,4,4,sawyer_stick_pull,256,True,159,0.6,0.0,0.2
pnsr94ew,run-20260524_195103-pnsr94ew,task4_sawyer_stick_pull_s5,sac_test,sac_her,persistent,persistent,5,4,sawyer_stick_pull,256,True,159,1.0,1.0,0.4
b4477s88,run-20260524_195940-b4477s88,task4_sawyer_stick_pull_s6,sac_test,sac_her,persistent,persistent,6,4,sawyer_stick_pull,256,True,159,1.0,0.0,0.12000000000000002
ne7qihda,run-20260524_212300-ne7qihda,task5_sawyer_handle_press_side_s6,sac_test,sac_her,reset,reset,6,5,sawyer_handle_press_side,256,True,159,0.4,0.2,0.15
zsv23yc5,run-20260524_212316-zsv23yc5,task5_sawyer_handle_press_side_s4,sac_test,sac_her,reset,reset,4,5,sawyer_handle_press_side,256,True,159,0.5,0.1,0.13333333333333333
0by5bd49,run-20260524_212330-0by5bd49,task5_sawyer_handle_press_side_s5,sac_test,sac_her,reset,reset,5,5,sawyer_handle_press_side,256,True,159,0.4,0.0,0.16666666666666666
3sdid7sl,run-20260525_001855-3sdid7sl,task5_sawyer_handle_press_side_s4,sac_test,sac_her,persistent,persistent,4,5,sawyer_handle_press_side,256,True,159,0.5,0.0,0.18333333333333335
599wmj9j,run-20260525_002405-599wmj9j,task5_sawyer_handle_press_side_s5,sac_test,sac_her,persistent,persistent,5,5,sawyer_handle_press_side,256,True,159,0.4,0.0,0.16666666666666666
b4eqqnz9,run-20260525_003149-b4eqqnz9,task5_sawyer_handle_press_side_s6,sac_test,sac_her,persistent,persistent,6,5,sawyer_handle_press_side,256,True,159,0.4,0.2,0.18333333333333335
n5q38mn1,run-20260525_003915-n5q38mn1,task6_sawyer_push_s6,sac_test,sac_her,reset,reset,6,6,sawyer_push,256,True,159,0.1,0.0,0.14285714285714285
i97p1x63,run-20260525_003929-i97p1x63,task6_sawyer_push_s4,sac_test,sac_her,reset,reset,4,6,sawyer_push,256,True,159,0.1,0.0,0.14285714285714285
j5osdj9s,run-20260525_003945-j5osdj9s,task6_sawyer_push_s5,sac_test,sac_her,reset,reset,5,6,sawyer_push,256,True,159,0.8,0.7,0.07142857142857142
syvh3dy1,run-20260525_034946-syvh3dy1,task7_sawyer_shelf_place_s6,sac_test,sac_her,reset,reset,6,7,sawyer_shelf_place,256,True,159,0.0,0.0,0.0
52pglst2,run-20260525_034959-52pglst2,task7_sawyer_shelf_place_s4,sac_test,sac_her,reset,reset,4,7,sawyer_shelf_place,256,True,159,0.0,0.0,0.0
4nfhuyd6,run-20260525_035018-4nfhuyd6,task7_sawyer_shelf_place_s5,sac_test,sac_her,reset,reset,5,7,sawyer_shelf_place,256,True,159,0.0,0.0,0.1125
7hm45b66,run-20260525_042804-7hm45b66,task6_sawyer_push_s4,sac_test,sac_her,persistent,persistent,4,6,sawyer_push,256,True,159,0.0,0.0,0.0
8dfxwc8d,run-20260525_043310-8dfxwc8d,task6_sawyer_push_s5,sac_test,sac_her,persistent,persistent,5,6,sawyer_push,256,True,159,0.8,0.7,0.31428571428571433
mzjt015o,run-20260525_044010-mzjt015o,task6_sawyer_push_s6,sac_test,sac_her,persistent,persistent,6,6,sawyer_push,256,True,159,1.0,0.6,0.14285714285714285
ahvpmlx0,run-20260525_053625-ahvpmlx0,task0_sawyer_hammer_s1,sac_test,sac_her,reset,reset,1,0,sawyer_hammer,1024,True,159,1.0,0.5,0.7
lbgzm81f,run-20260525_053625-lbgzm81f,task0_sawyer_hammer_s2,sac_test,sac_her,reset,reset,2,0,sawyer_hammer,1024,True,159,1.0,0.5,0.8
xplxo60b,run-20260525_053626-xplxo60b,task0_sawyer_hammer_s3,sac_test,sac_her,reset,reset,3,0,sawyer_hammer,1024,True,159,1.0,0.5,0.9
tfyyyp0i,run-20260525_053801-tfyyyp0i,task0_sawyer_hammer_s3,sac_test,sac_her,persistent,persistent,3,0,sawyer_hammer,1024,True,159,1.0,0.5,0.8
x1g6psc3,run-20260525_053801-x1g6psc3,task0_sawyer_hammer_s2,sac_test,sac_her,persistent,persistent,2,0,sawyer_hammer,1024,True,159,1.0,1.0,1.0
zt5k11wz,run-20260525_053801-zt5k11wz,task0_sawyer_hammer_s1,sac_test,sac_her,persistent,persistent,1,0,sawyer_hammer,1024,True,159,1.0,0.9,0.8
7crhsw50,run-20260525_060200-7crhsw50,task0_sawyer_hammer_s6,sac_test,sac_her,persistent,persistent,6,0,sawyer_hammer,1024,True,159,1.0,0.6,0.8
dog6el1h,run-20260525_060200-dog6el1h,task0_sawyer_hammer_s4,sac_test,sac_her,persistent,persistent,4,0,sawyer_hammer,1024,True,159,1.0,0.5,0.5
zbtybk1a,run-20260525_060201-zbtybk1a,task0_sawyer_hammer_s5,sac_test,sac_her,persistent,persistent,5,0,sawyer_hammer,1024,True,159,1.0,1.0,0.9
c4r11klm,run-20260525_060203-c4r11klm,task0_sawyer_hammer_s4,sac_test,sac_her,reset,reset,4,0,sawyer_hammer,1024,True,159,1.0,0.0,1.0
p0bvo155,run-20260525_060203-p0bvo155,task0_sawyer_hammer_s5,sac_test,sac_her,reset,reset,5,0,sawyer_hammer,1024,True,159,1.0,0.5,0.1
d2halo11,run-20260525_060204-d2halo11,task0_sawyer_hammer_s6,sac_test,sac_her,reset,reset,6,0,sawyer_hammer,1024,True,159,1.0,0.1,0.0
emi69q95,run-20260525_070851-emi69q95,task8_sawyer_window_close_s6,sac_test,sac_her,reset,reset,6,8,sawyer_window_close,256,True,159,0.8,0.2,0.14444444444444446
sdi0no6e,run-20260525_070902-sdi0no6e,task8_sawyer_window_close_s4,sac_test,sac_her,reset,reset,4,8,sawyer_window_close,256,True,159,0.7,0.2,0.15555555555555556
1ine3f7r,run-20260525_070916-1ine3f7r,task8_sawyer_window_close_s5,sac_test,sac_her,reset,reset,5,8,sawyer_window_close,256,True,159,0.8,0.3,0.05555555555555555
2frhk7qh,run-20260525_082736-2frhk7qh,task7_sawyer_shelf_place_s4,sac_test,sac_her,persistent,persistent,4,7,sawyer_shelf_place,256,True,159,0.0,0.0,0.0
2ijb2qee,run-20260525_083306-2ijb2qee,task7_sawyer_shelf_place_s5,sac_test,sac_her,persistent,persistent,5,7,sawyer_shelf_place,256,True,159,0.0,0.0,0.025
uarqjqqe,run-20260525_084053-uarqjqqe,task7_sawyer_shelf_place_s6,sac_test,sac_her,persistent,persistent,6,7,sawyer_shelf_place,256,True,159,0.0,0.0,0.0375
1qgqsi65,run-20260525_105158-1qgqsi65,task9_sawyer_peg_unplug_side_s6,sac_test,sac_her,reset,reset,6,9,sawyer_peg_unplug_side,256,True,159,0.1,0.0,0.0
gdhj4i94,run-20260525_105214-gdhj4i94,task9_sawyer_peg_unplug_side_s4,sac_test,sac_her,reset,reset,4,9,sawyer_peg_unplug_side,256,True,159,0.1,0.0,0.0
mlz0pt8n,run-20260525_105225-mlz0pt8n,task9_sawyer_peg_unplug_side_s5,sac_test,sac_her,reset,reset,5,9,sawyer_peg_unplug_side,256,True,159,0.1,0.0,0.0
pzqa696f,run-20260525_124733-pzqa696f,task8_sawyer_window_close_s4,sac_test,sac_her,persistent,persistent,4,8,sawyer_window_close,256,True,159,0.7,0.2,0.06666666666666667
0upcevio,run-20260525_125411-0upcevio,task8_sawyer_window_close_s5,sac_test,sac_her,persistent,persistent,5,8,sawyer_window_close,256,True,159,0.8,0.3,0.03333333333333333
ewlqhk3d,run-20260525_130014-ewlqhk3d,task8_sawyer_window_close_s6,sac_test,sac_her,persistent,persistent,6,8,sawyer_window_close,256,True,159,0.8,0.2,0.03333333333333334
n6dq18s4,run-20260525_134118-n6dq18s4,task1_sawyer_push_wall_s2,sac_test,sac_her,reset,reset,2,1,sawyer_push_wall,1024,True,159,0.0,0.0,0.0
g1h81lj3,run-20260525_134121-g1h81lj3,task1_sawyer_push_wall_s1,sac_test,sac_her,reset,reset,1,1,sawyer_push_wall,1024,True,159,0.0,0.0,0.0
rx6a988x,run-20260525_134125-rx6a988x,task1_sawyer_push_wall_s3,sac_test,sac_her,reset,reset,3,1,sawyer_push_wall,1024,True,159,0.0,0.0,0.0
7t3i4gz0,run-20260525_134804-7t3i4gz0,task1_sawyer_push_wall_s2,sac_test,sac_her,persistent,persistent,2,1,sawyer_push_wall,1024,True,159,0.0,0.0,0.0
f570m9mc,run-20260525_134816-f570m9mc,task1_sawyer_push_wall_s1,sac_test,sac_her,persistent,persistent,1,1,sawyer_push_wall,1024,True,159,0.0,0.0,0.25
pwn1fcvr,run-20260525_134820-pwn1fcvr,task1_sawyer_push_wall_s3,sac_test,sac_her,persistent,persistent,3,1,sawyer_push_wall,1024,True,159,0.0,0.0,0.35
px66u3w8,run-20260525_140412-px66u3w8,task1_sawyer_push_wall_s5,sac_test,sac_her,reset,reset,5,1,sawyer_push_wall,1024,True,159,0.0,0.0,0.0
kj9pclfl,run-20260525_140413-kj9pclfl,task1_sawyer_push_wall_s6,sac_test,sac_her,reset,reset,6,1,sawyer_push_wall,1024,True,159,0.1,0.0,0.0
uxfwwuk9,run-20260525_140413-uxfwwuk9,task1_sawyer_push_wall_s4,sac_test,sac_her,reset,reset,4,1,sawyer_push_wall,1024,True,159,0.0,0.0,0.0
t9q396vs,run-20260525_141231-t9q396vs,task1_sawyer_push_wall_s4,sac_test,sac_her,persistent,persistent,4,1,sawyer_push_wall,1024,True,159,0.0,0.0,0.0
26bgdpdn,run-20260525_141244-26bgdpdn,task1_sawyer_push_wall_s5,sac_test,sac_her,persistent,persistent,5,1,sawyer_push_wall,1024,True,159,0.0,0.0,0.15
1gaezcg0,run-20260525_141249-1gaezcg0,task1_sawyer_push_wall_s6,sac_test,sac_her,persistent,persistent,6,1,sawyer_push_wall,1024,True,159,0.0,0.0,0.3
bogih314,run-20260525_173513-bogih314,task9_sawyer_peg_unplug_side_s4,sac_test,sac_her,persistent,persistent,4,9,sawyer_peg_unplug_side,256,True,159,0.1,0.0,0.06
lljjltbn,run-20260525_174222-lljjltbn,task9_sawyer_peg_unplug_side_s5,sac_test,sac_her,persistent,persistent,5,9,sawyer_peg_unplug_side,256,True,159,0.3,0.0,0.06999999999999999
htci1jfw,run-20260525_174824-htci1jfw,task9_sawyer_peg_unplug_side_s6,sac_test,sac_her,persistent,persistent,6,9,sawyer_peg_unplug_side,256,True,159,0.2,0.1,0.06000000000000001
uvdkvm64,run-20260525_214306-uvdkvm64,task2_sawyer_faucet_close_s2,sac_test,sac_her,reset,reset,2,2,sawyer_faucet_close,1024,True,159,0.7,0.6,0.06666666666666667
rj1uxgwz,run-20260525_214313-rj1uxgwz,task2_sawyer_faucet_close_s1,sac_test,sac_her,reset,reset,1,2,sawyer_faucet_close,1024,True,159,0.1,0.0,0.0
ss6ncsqm,run-20260525_214314-ss6ncsqm,task2_sawyer_faucet_close_s3,sac_test,sac_her,reset,reset,3,2,sawyer_faucet_close,1024,True,159,0.8,0.6,0.2333333333333333
wrtwmkhs,run-20260525_215615-wrtwmkhs,task2_sawyer_faucet_close_s2,sac_test,sac_her,persistent,persistent,2,2,sawyer_faucet_close,1024,True,159,0.3,0.0,0.0
felpg4bs,run-20260525_215616-felpg4bs,task2_sawyer_faucet_close_s3,sac_test,sac_her,persistent,persistent,3,2,sawyer_faucet_close,1024,True,159,0.2,0.0,0.0
q9726crc,run-20260525_215619-q9726crc,task2_sawyer_faucet_close_s1,sac_test,sac_her,persistent,persistent,1,2,sawyer_faucet_close,1024,True,159,0.7,0.6,0.13333333333333333
9vjdt6qe,run-20260525_220336-9vjdt6qe,task2_sawyer_faucet_close_s4,sac_test,sac_her,reset,reset,4,2,sawyer_faucet_close,1024,True,159,0.9,0.4,0.16666666666666666
j580h1d5,run-20260525_220336-j580h1d5,task2_sawyer_faucet_close_s6,sac_test,sac_her,reset,reset,6,2,sawyer_faucet_close,1024,True,159,0.7,0.4,0.13333333333333333
mc2khqmk,run-20260525_220337-mc2khqmk,task2_sawyer_faucet_close_s5,sac_test,sac_her,reset,reset,5,2,sawyer_faucet_close,1024,True,159,0.8,0.2,0.06666666666666667
cyz8ozsm,run-20260525_222135-cyz8ozsm,task2_sawyer_faucet_close_s4,sac_test,sac_her,persistent,persistent,4,2,sawyer_faucet_close,1024,True,159,0.6,0.6,0.20000000000000004
u7k5zqj4,run-20260525_222149-u7k5zqj4,task2_sawyer_faucet_close_s6,sac_test,sac_her,persistent,persistent,6,2,sawyer_faucet_close,1024,True,159,0.3,0.3,0.03333333333333333
qu5tphdi,run-20260525_222151-qu5tphdi,task2_sawyer_faucet_close_s5,sac_test,sac_her,persistent,persistent,5,2,sawyer_faucet_close,1024,True,159,0.5,0.2,0.3666666666666667
5s3jmff7,run-20260526_054717-5s3jmff7,task3_sawyer_push_back_s1,sac_test,sac_her,reset,reset,1,3,sawyer_push_back,1024,True,159,0.0,0.0,0.0
4gw3o7ak,run-20260526_054719-4gw3o7ak,task3_sawyer_push_back_s2,sac_test,sac_her,reset,reset,2,3,sawyer_push_back,1024,True,159,0.0,0.0,0.0
ak9rlgmx,run-20260526_054723-ak9rlgmx,task3_sawyer_push_back_s3,sac_test,sac_her,reset,reset,3,3,sawyer_push_back,1024,True,159,0.0,0.0,0.0
vvdodxwu,run-20260526_060149-vvdodxwu,task3_sawyer_push_back_s2,sac_test,sac_her,persistent,persistent,2,3,sawyer_push_back,1024,True,159,0.0,0.0,0.025
00gfkkh9,run-20260526_060151-00gfkkh9,task3_sawyer_push_back_s1,sac_test,sac_her,persistent,persistent,1,3,sawyer_push_back,1024,True,159,0.0,0.0,0.1
p381lpq8,run-20260526_060152-p381lpq8,task3_sawyer_push_back_s3,sac_test,sac_her,persistent,persistent,3,3,sawyer_push_back,1024,True,159,0.0,0.0,0.0
vg7pxj74,run-20260526_060236-vg7pxj74,task3_sawyer_push_back_s5,sac_test,sac_her,reset,reset,5,3,sawyer_push_back,1024,True,159,0.0,0.0,0.0
8692ijum,run-20260526_060237-8692ijum,task3_sawyer_push_back_s6,sac_test,sac_her,reset,reset,6,3,sawyer_push_back,1024,True,159,0.0,0.0,0.0
mkhzqsgc,run-20260526_060239-mkhzqsgc,task3_sawyer_push_back_s4,sac_test,sac_her,reset,reset,4,3,sawyer_push_back,1024,True,159,0.0,0.0,0.0
zuafe7hw,run-20260526_062944-zuafe7hw,task3_sawyer_push_back_s4,sac_test,sac_her,persistent,persistent,4,3,sawyer_push_back,1024,True,159,0.0,0.0,0.25
1ldqtyh5,run-20260526_062947-1ldqtyh5,task3_sawyer_push_back_s6,sac_test,sac_her,persistent,persistent,6,3,sawyer_push_back,1024,True,159,0.0,0.0,0.05
gh7moq07,run-20260526_062947-gh7moq07,task3_sawyer_push_back_s5,sac_test,sac_her,persistent,persistent,5,3,sawyer_push_back,1024,True,159,0.0,0.0,0.0
ink0c203,run-20260526_134956-ink0c203,task4_sawyer_stick_pull_s2,sac_test,sac_her,reset,reset,2,4,sawyer_stick_pull,1024,True,159,1.0,0.0,0.0
dk1m7ris,run-20260526_134958-dk1m7ris,task4_sawyer_stick_pull_s1,sac_test,sac_her,reset,reset,1,4,sawyer_stick_pull,1024,True,159,1.0,0.0,0.2
fxkkrb8n,run-20260526_135002-fxkkrb8n,task4_sawyer_stick_pull_s3,sac_test,sac_her,reset,reset,3,4,sawyer_stick_pull,1024,True,159,1.0,1.0,0.38
3i7rpwog,run-20260526_135933-3i7rpwog,task4_sawyer_stick_pull_s4,sac_test,sac_her,reset,reset,4,4,sawyer_stick_pull,1024,True,159,1.0,0.7,0.12
dlcw0m83,run-20260526_135938-dlcw0m83,task4_sawyer_stick_pull_s5,sac_test,sac_her,reset,reset,5,4,sawyer_stick_pull,1024,True,159,1.0,1.0,0.26
1l3ih44a,run-20260526_135947-1l3ih44a,task4_sawyer_stick_pull_s6,sac_test,sac_her,reset,reset,6,4,sawyer_stick_pull,1024,True,159,1.0,0.0,0.12
fn5bavp9,run-20260526_140711-fn5bavp9,task4_sawyer_stick_pull_s2,sac_test,sac_her,persistent,persistent,2,4,sawyer_stick_pull,1024,True,159,1.0,0.0,0.2
xdvzy3b0,run-20260526_140713-xdvzy3b0,task4_sawyer_stick_pull_s1,sac_test,sac_her,persistent,persistent,1,4,sawyer_stick_pull,1024,True,159,1.0,0.0,0.0
80cztuvr,run-20260526_140714-80cztuvr,task4_sawyer_stick_pull_s3,sac_test,sac_her,persistent,persistent,3,4,sawyer_stick_pull,1024,True,159,1.0,0.1,0.13999999999999999
jnq8vtwl,run-20260526_143817-jnq8vtwl,task4_sawyer_stick_pull_s5,sac_test,sac_her,persistent,persistent,5,4,sawyer_stick_pull,1024,True,159,1.0,0.1,0.2
r6c6tdub,run-20260526_143851-r6c6tdub,task4_sawyer_stick_pull_s6,sac_test,sac_her,persistent,persistent,6,4,sawyer_stick_pull,1024,True,159,1.0,1.0,0.13999999999999999
6b687ou6,run-20260526_143853-6b687ou6,task4_sawyer_stick_pull_s4,sac_test,sac_her,persistent,persistent,4,4,sawyer_stick_pull,1024,True,159,0.9,0.0,0.0
0nd53hmy,run-20260526_215514-0nd53hmy,task5_sawyer_handle_press_side_s1,sac_test,sac_her,reset,reset,1,5,sawyer_handle_press_side,1024,True,151,0.6,0.1,
i3doma8q,run-20260526_215526-i3doma8q,task5_sawyer_handle_press_side_s2,sac_test,sac_her,reset,reset,2,5,sawyer_handle_press_side,1024,True,151,0.5,0.1,
unu1xs56,run-20260526_215534-unu1xs56,task5_sawyer_handle_press_side_s3,sac_test,sac_her,reset,reset,3,5,sawyer_handle_press_side,1024,True,151,0.5,0.1,
7y0ohn9l,run-20260526_220256-7y0ohn9l,task5_sawyer_handle_press_side_s4,sac_test,sac_her,reset,reset,4,5,sawyer_handle_press_side,1024,True,152,0.5,0.1,
vpcz5i0h,run-20260526_220257-vpcz5i0h,task5_sawyer_handle_press_side_s6,sac_test,sac_her,reset,reset,6,5,sawyer_handle_press_side,1024,True,152,0.4,0.0,
wb7wb6i4,run-20260526_220258-wb7wb6i4,task5_sawyer_handle_press_side_s5,sac_test,sac_her,reset,reset,5,5,sawyer_handle_press_side,1024,True,152,0.4,0.1,
nx6bfu65,run-20260526_224358-nx6bfu65,task5_sawyer_handle_press_side_s1,sac_test,sac_her,persistent,persistent,1,5,sawyer_handle_press_side,1024,True,132,0.6,0.0,
q80s7fir,run-20260526_224404-q80s7fir,task5_sawyer_handle_press_side_s2,sac_test,sac_her,persistent,persistent,2,5,sawyer_handle_press_side,1024,True,132,0.5,0.1,
xjs4moju,run-20260526_224442-xjs4moju,task5_sawyer_handle_press_side_s3,sac_test,sac_her,persistent,persistent,3,5,sawyer_handle_press_side,1024,True,131,0.5,0.3,
14rwdroy,run-20260526_225338-14rwdroy,task5_sawyer_handle_press_side_s4,sac_test,sac_her,persistent,persistent,4,5,sawyer_handle_press_side,1024,True,132,0.5,0.4,
ppvy158r,run-20260526_225347-ppvy158r,task5_sawyer_handle_press_side_s6,sac_test,sac_her,persistent,persistent,6,5,sawyer_handle_press_side,1024,True,132,0.4,0.2,
7zqpiq99,run-20260526_225357-7zqpiq99,task5_sawyer_handle_press_side_s5,sac_test,sac_her,persistent,persistent,5,5,sawyer_handle_press_side,1024,True,132,0.4,0.0,
abn1q93r,run-20260527_055032-abn1q93r,task5_sawyer_handle_press_side_s2,sac_test,sac_her,reset,reset,2,5,sawyer_handle_press_side,1024,True,0,,,
f12be7fu,run-20260527_055032-f12be7fu,task5_sawyer_handle_press_side_s1,sac_test,sac_her,reset,reset,1,5,sawyer_handle_press_side,1024,True,0,,,
2378o4a9,run-20260527_055112-2378o4a9,task5_sawyer_handle_press_side_s2,sac_test,sac_her,persistent,persistent,2,5,sawyer_handle_press_side,1024,True,0,,,
ph7is4q0,run-20260527_055112-ph7is4q0,task5_sawyer_handle_press_side_s1,sac_test,sac_her,persistent,persistent,1,5,sawyer_handle_press_side,1024,True,0,,,
2olxh63f,run-20260527_055441-2olxh63f,task5_sawyer_handle_press_side_s1,sac_test,sac_her,reset,reset,1,5,sawyer_handle_press_side,1024,True,159,0.6,0.1,0.03333333333333333
gkej26qr,run-20260527_055441-gkej26qr,task5_sawyer_handle_press_side_s2,sac_test,sac_her,reset,reset,2,5,sawyer_handle_press_side,1024,True,159,0.5,0.0,0.0
nkbba062,run-20260527_055441-nkbba062,task5_sawyer_handle_press_side_s3,sac_test,sac_her,reset,reset,3,5,sawyer_handle_press_side,1024,True,159,0.5,0.0,0.016666666666666666
bozt7if9,run-20260527_055515-bozt7if9,task5_sawyer_handle_press_side_s1,sac_test,sac_her,persistent,persistent,1,5,sawyer_handle_press_side,1024,True,159,0.6,0.1,0.19999999999999998
ug08ixaj,run-20260527_055515-ug08ixaj,task5_sawyer_handle_press_side_s3,sac_test,sac_her,persistent,persistent,3,5,sawyer_handle_press_side,1024,True,159,0.5,0.0,0.0
w7s2ontd,run-20260527_055516-w7s2ontd,task5_sawyer_handle_press_side_s2,sac_test,sac_her,persistent,persistent,2,5,sawyer_handle_press_side,1024,True,159,0.5,0.0,0.16666666666666666
ghs7u1kg,run-20260527_060308-ghs7u1kg,task5_sawyer_handle_press_side_s4,sac_test,sac_her,reset,reset,4,5,sawyer_handle_press_side,1024,True,159,0.5,0.1,0.0
gbi7szq6,run-20260527_060309-gbi7szq6,task5_sawyer_handle_press_side_s6,sac_test,sac_her,reset,reset,6,5,sawyer_handle_press_side,1024,True,159,0.4,0.2,0.0
ndhde5qa,run-20260527_060309-ndhde5qa,task5_sawyer_handle_press_side_s5,sac_test,sac_her,reset,reset,5,5,sawyer_handle_press_side,1024,True,159,0.4,0.0,0.0
9lu2ap7j,run-20260527_061027-9lu2ap7j,task5_sawyer_handle_press_side_s4,sac_test,sac_her,persistent,persistent,4,5,sawyer_handle_press_side,1024,True,159,0.5,0.0,0.016666666666666666
b7bpe84l,run-20260527_061028-b7bpe84l,task5_sawyer_handle_press_side_s6,sac_test,sac_her,persistent,persistent,6,5,sawyer_handle_press_side,1024,True,159,0.4,0.2,0.049999999999999996
jebq31rc,run-20260527_061028-jebq31rc,task5_sawyer_handle_press_side_s5,sac_test,sac_her,persistent,persistent,5,5,sawyer_handle_press_side,1024,True,159,0.4,0.0,0.049999999999999996
4r74d78w,run-20260527_140754-4r74d78w,task6_sawyer_push_s1,sac_test,sac_her,reset,reset,1,6,sawyer_push,1024,True,159,1.0,1.0,0.18571428571428572
iq2mpo43,run-20260527_140756-iq2mpo43,task6_sawyer_push_s3,sac_test,sac_her,reset,reset,3,6,sawyer_push,1024,True,159,0.0,0.0,0.0
d1lou7na,run-20260527_140757-d1lou7na,task6_sawyer_push_s2,sac_test,sac_her,reset,reset,2,6,sawyer_push,1024,True,159,0.0,0.0,0.14285714285714285
ud8hgciy,run-20260527_143457-ud8hgciy,task6_sawyer_push_s6,sac_test,sac_her,reset,reset,6,6,sawyer_push,1024,True,159,0.0,0.0,0.12857142857142856
3aq3duyd,run-20260527_143502-3aq3duyd,task6_sawyer_push_s5,sac_test,sac_her,reset,reset,5,6,sawyer_push,1024,True,159,0.1,0.0,0.07142857142857142
untk3pnk,run-20260527_143504-untk3pnk,task6_sawyer_push_s4,sac_test,sac_her,reset,reset,4,6,sawyer_push,1024,True,159,0.1,0.0,0.05714285714285715
0jqod95a,run-20260527_144041-0jqod95a,task6_sawyer_push_s6,sac_test,sac_her,persistent,persistent,6,6,sawyer_push,1024,True,159,0.0,0.0,0.09999999999999999
fr9gidu2,run-20260527_144041-fr9gidu2,task6_sawyer_push_s4,sac_test,sac_her,persistent,persistent,4,6,sawyer_push,1024,True,159,0.1,0.0,0.04285714285714286
q3m1wxd7,run-20260527_144044-q3m1wxd7,task6_sawyer_push_s5,sac_test,sac_her,persistent,persistent,5,6,sawyer_push,1024,True,159,0.1,0.0,0.15714285714285717
asl63ic6,run-20260527_150414-asl63ic6,task6_sawyer_push_s3,sac_test,sac_her,persistent,persistent,3,6,sawyer_push,1024,True,159,1.0,0.6,0.21428571428571427
0iekucdt,run-20260527_150420-0iekucdt,task6_sawyer_push_s2,sac_test,sac_her,persistent,persistent,2,6,sawyer_push,1024,True,159,0.5,0.0,0.14285714285714285
pcitviay,run-20260527_150421-pcitviay,task6_sawyer_push_s1,sac_test,sac_her,persistent,persistent,1,6,sawyer_push,1024,True,159,0.1,0.0,0.15714285714285717
1mqjdm6w,run-20260527_221852-1mqjdm6w,task7_sawyer_shelf_place_s3,sac_test,sac_her,reset,reset,3,7,sawyer_shelf_place,1024,True,159,0.0,0.0,0.0
il5pw9he,run-20260527_221901-il5pw9he,task7_sawyer_shelf_place_s1,sac_test,sac_her,reset,reset,1,7,sawyer_shelf_place,1024,True,159,0.0,0.0,0.0
2v12lcj3,run-20260527_221902-2v12lcj3,task7_sawyer_shelf_place_s2,sac_test,sac_her,reset,reset,2,7,sawyer_shelf_place,1024,True,159,0.0,0.0,0.0375
ukfw2gu1,run-20260527_223600-ukfw2gu1,task7_sawyer_shelf_place_s6,sac_test,sac_her,reset,reset,6,7,sawyer_shelf_place,1024,True,159,0.0,0.0,0.0
7o62wyxi,run-20260527_223601-7o62wyxi,task7_sawyer_shelf_place_s4,sac_test,sac_her,reset,reset,4,7,sawyer_shelf_place,1024,True,159,0.0,0.0,0.025
m7ot9odd,run-20260527_223606-m7ot9odd,task7_sawyer_shelf_place_s5,sac_test,sac_her,reset,reset,5,7,sawyer_shelf_place,1024,True,159,0.0,0.0,0.0
zqfax1yd,run-20260527_224018-zqfax1yd,task7_sawyer_shelf_place_s4,sac_test,sac_her,persistent,persistent,4,7,sawyer_shelf_place,1024,True,159,0.0,0.0,0.0
yps62tv0,run-20260527_224019-yps62tv0,task7_sawyer_shelf_place_s5,sac_test,sac_her,persistent,persistent,5,7,sawyer_shelf_place,1024,True,159,0.0,0.0,0.0
8wbpygnk,run-20260527_224020-8wbpygnk,task7_sawyer_shelf_place_s6,sac_test,sac_her,persistent,persistent,6,7,sawyer_shelf_place,1024,True,159,0.0,0.0,0.0
xjbqjkj2,run-20260527_232758-xjbqjkj2,task7_sawyer_shelf_place_s2,sac_test,sac_her,persistent,persistent,2,7,sawyer_shelf_place,1024,True,159,0.0,0.0,0.0
55ny4vi1,run-20260527_232801-55ny4vi1,task7_sawyer_shelf_place_s3,sac_test,sac_her,persistent,persistent,3,7,sawyer_shelf_place,1024,True,159,0.0,0.0,0.2875
1b6wqm6h,run-20260527_232802-1b6wqm6h,task7_sawyer_shelf_place_s1,sac_test,sac_her,persistent,persistent,1,7,sawyer_shelf_place,1024,True,159,0.0,0.0,0.025
hhau83sq,run-20260528_061745-hhau83sq,task8_sawyer_window_close_s3,sac_test,sac_her,reset,reset,3,8,sawyer_window_close,1024,True,159,0.7,0.2,0.17777777777777778
rnk3mjyz,run-20260528_061748-rnk3mjyz,task8_sawyer_window_close_s1,sac_test,sac_her,reset,reset,1,8,sawyer_window_close,1024,True,159,0.8,0.6,0.03333333333333333
vtzk8l11,run-20260528_061751-vtzk8l11,task8_sawyer_window_close_s2,sac_test,sac_her,reset,reset,2,8,sawyer_window_close,1024,True,159,0.8,0.5,0.03333333333333333
cbn0pq05,run-20260528_063708-cbn0pq05,task8_sawyer_window_close_s4,sac_test,sac_her,reset,reset,4,8,sawyer_window_close,1024,True,159,0.7,0.2,0.08888888888888889
pay0z686,run-20260528_063708-pay0z686,task8_sawyer_window_close_s6,sac_test,sac_her,reset,reset,6,8,sawyer_window_close,1024,True,159,0.8,0.2,0.09999999999999999
zp9hkwcp,run-20260528_063708-zp9hkwcp,task8_sawyer_window_close_s5,sac_test,sac_her,reset,reset,5,8,sawyer_window_close,1024,True,159,0.8,0.3,0.16666666666666666
7a3l5u86,run-20260528_064339-7a3l5u86,task8_sawyer_window_close_s4,sac_test,sac_her,persistent,persistent,4,8,sawyer_window_close,1024,True,159,0.7,0.2,0.18888888888888888
y0peglm5,run-20260528_064345-y0peglm5,task8_sawyer_window_close_s5,sac_test,sac_her,persistent,persistent,5,8,sawyer_window_close,1024,True,159,0.8,0.3,0.13333333333333333
8e9tbejl,run-20260528_064347-8e9tbejl,task8_sawyer_window_close_s6,sac_test,sac_her,persistent,persistent,6,8,sawyer_window_close,1024,True,159,0.8,0.2,0.022222222222222223
x8zo40t4,run-20260528_073512-x8zo40t4,task8_sawyer_window_close_s2,sac_test,sac_her,persistent,persistent,2,8,sawyer_window_close,1024,True,159,0.8,0.5,0.17777777777777778
7c0yxfs1,run-20260528_073515-7c0yxfs1,task8_sawyer_window_close_s1,sac_test,sac_her,persistent,persistent,1,8,sawyer_window_close,1024,True,159,0.8,0.6,0.06666666666666668
c8riny4w,run-20260528_073515-c8riny4w,task8_sawyer_window_close_s3,sac_test,sac_her,persistent,persistent,3,8,sawyer_window_close,1024,True,159,0.8,0.2,0.13333333333333333
7btle6i7,run-20260528_141917-7btle6i7,task9_sawyer_peg_unplug_side_s3,sac_test,sac_her,reset,reset,3,9,sawyer_peg_unplug_side,1024,True,159,0.1,0.0,0.0
k7xscv8j,run-20260528_141920-k7xscv8j,task9_sawyer_peg_unplug_side_s2,sac_test,sac_her,reset,reset,2,9,sawyer_peg_unplug_side,1024,True,159,0.1,0.0,0.1
3rakztbx,run-20260528_141936-3rakztbx,task9_sawyer_peg_unplug_side_s1,sac_test,sac_her,reset,reset,1,9,sawyer_peg_unplug_side,1024,True,159,0.0,0.0,0.0
ao8y5zz6,run-20260528_143937-ao8y5zz6,task9_sawyer_peg_unplug_side_s5,sac_test,sac_her,reset,reset,5,9,sawyer_peg_unplug_side,1024,True,159,0.0,0.0,0.1
cpxt9wft,run-20260528_143939-cpxt9wft,task9_sawyer_peg_unplug_side_s4,sac_test,sac_her,reset,reset,4,9,sawyer_peg_unplug_side,1024,True,159,0.1,0.0,0.0
xvp08e2r,run-20260528_143940-xvp08e2r,task9_sawyer_peg_unplug_side_s6,sac_test,sac_her,reset,reset,6,9,sawyer_peg_unplug_side,1024,True,159,0.1,0.0,0.0
izrybd2b,run-20260528_145029-izrybd2b,task9_sawyer_peg_unplug_side_s6,sac_test,sac_her,persistent,persistent,6,9,sawyer_peg_unplug_side,1024,True,159,0.4,0.0,0.04
y09ou8ea,run-20260528_145034-y09ou8ea,task9_sawyer_peg_unplug_side_s4,sac_test,sac_her,persistent,persistent,4,9,sawyer_peg_unplug_side,1024,True,159,0.2,0.0,0.1
gor4c5q2,run-20260528_145045-gor4c5q2,task9_sawyer_peg_unplug_side_s5,sac_test,sac_her,persistent,persistent,5,9,sawyer_peg_unplug_side,1024,True,159,0.3,0.0,0.05
e5t2k0aj,run-20260528_154339-e5t2k0aj,task9_sawyer_peg_unplug_side_s3,sac_test,sac_her,persistent,persistent,3,9,sawyer_peg_unplug_side,1024,True,159,0.3,0.1,0.06
zp5i44d5,run-20260528_154342-zp5i44d5,task9_sawyer_peg_unplug_side_s2,sac_test,sac_her,persistent,persistent,2,9,sawyer_peg_unplug_side,1024,True,159,0.2,0.0,0.08
o5m6j48g,run-20260528_154343-o5m6j48g,task9_sawyer_peg_unplug_side_s1,sac_test,sac_her,persistent,persistent,1,9,sawyer_peg_unplug_side,1024,True,159,0.3,0.0,0.030000000000000006
